cas,smiles,log_kow_input,water_solubility_input,melting_point_input,qsar_class,organism,duration,endpoint,concentration,max_log_kow,flags
000067-64-1,CC(=O)C,-0.24,1000000.0,-94.8,Neutral Organics,Fish,96-hr,LC50,4902.02880859375,5.0,
000067-64-1,CC(=O)C,-0.24,1000000.0,-94.8,Neutral Organics,Daphnid,48-hr,LC50,2263.350341796875,5.0,
000067-64-1,CC(=O)C,-0.24,1000000.0,-94.8,Neutral Organics,Green Algae,96-hr,EC50,716.902099609375,6.400000095367432,
000067-64-1,CC(=O)C,-0.24,1000000.0,-94.8,Neutral Organics,Fish,,ChV,375.425537109375,8.0,
000067-64-1,CC(=O)C,-0.24,1000000.0,-94.8,Neutral Organics,Daphnid,,ChV,124.1274642944336,8.0,
000067-64-1,CC(=O)C,-0.24,1000000.0,-94.8,Neutral Organics,Green Algae,,ChV,118.44802856445312,8.0,
000067-64-1,CC(=O)C,-0.24,1000000.0,-94.8,Neutral Organics,Fish (SW),96-hr,LC50,6089.08203125,5.0,
000067-64-1,CC(=O)C,-0.24,1000000.0,-94.8,Neutral Organics,Mysid,96-hr,LC50,20637.62890625,5.0,
000067-64-1,CC(=O)C,-0.24,1000000.0,-94.8,Neutral Organics,Fish (SW),,ChV,168.30763244628906,8.0,
000067-64-1,CC(=O)C,-0.24,1000000.0,-94.8,Neutral Organics,Mysid (SW),,ChV,3464.558349609375,8.0,
000067-64-1,CC(=O)C,-0.24,1000000.0,-94.8,Neutral Organics,Earthworm,14-day,LC50,172.39309692382812,6.0,
000108-24-7,CC(=O)OC(=O)C,,,-73.0,Neutral Organics,Fish,96-hr,LC50,17312.05859375,5.0,
000108-24-7,CC(=O)OC(=O)C,,,-73.0,Neutral Organics,Daphnid,48-hr,LC50,7748.095703125,5.0,
000108-24-7,CC(=O)OC(=O)C,,,-73.0,Neutral Organics,Green Algae,96-hr,EC50,2157.555908203125,6.400000095367432,
000108-24-7,CC(=O)OC(=O)C,,,-73.0,Neutral Organics,Fish,,ChV,1278.0201416015625,8.0,
000108-24-7,CC(=O)OC(=O)C,,,-73.0,Neutral Organics,Daphnid,,ChV,389.63427734375,8.0,
000108-24-7,CC(=O)OC(=O)C,,,-73.0,Neutral Organics,Green Algae,,ChV,332.58319091796875,8.0,
000108-24-7,CC(=O)OC(=O)C,,,-73.0,Neutral Organics,Fish (SW),96-hr,LC50,21460.884765625,5.0,
000108-24-7,CC(=O)OC(=O)C,,,-73.0,Neutral Organics,Mysid,96-hr,LC50,91415.2265625,5.0,
000108-24-7,CC(=O)OC(=O)C,,,-73.0,Neutral Organics,Fish (SW),,ChV,482.7485656738281,8.0,
000108-24-7,CC(=O)OC(=O)C,,,-73.0,Neutral Organics,Mysid (SW),,ChV,16960.16015625,8.0,
000108-24-7,CC(=O)OC(=O)C,,,-73.0,Neutral Organics,Earthworm,14-day,LC50,328.4446105957031,6.0,
000142-82-5,CCCCCCC,4.66,3.4,-90.6,Neutral Organics,Fish,96-hr,LC50,0.3361605703830719,5.0,
000142-82-5,CCCCCCC,4.66,3.4,-90.6,Neutral Organics,Daphnid,48-hr,LC50,0.2440127730369568,5.0,
000142-82-5,CCCCCCC,4.66,3.4,-90.6,Neutral Organics,Green Algae,96-hr,EC50,0.5018112063407898,6.400000095367432,
000142-82-5,CCCCCCC,4.66,3.4,-90.6,Neutral Organics,Fish,,ChV,0.04389999061822891,8.0,
000142-82-5,CCCCCCC,4.66,3.4,-90.6,Neutral Organics,Daphnid,,ChV,0.04713773727416992,8.0,
000142-82-5,CCCCCCC,4.66,3.4,-90.6,Neutral Organics,Green Algae,,ChV,0.22707970440387726,8.0,
000142-82-5,CCCCCCC,4.66,3.4,-90.6,Neutral Organics,Fish (SW),96-hr,LC50,0.4299943149089813,5.0,
000142-82-5,CCCCCCC,4.66,3.4,-90.6,Neutral Organics,Mysid,96-hr,LC50,0.052721817046403885,5.0,
000142-82-5,CCCCCCC,4.66,3.4,-90.6,Neutral Organics,Fish (SW),,ChV,0.23686155676841736,8.0,
000142-82-5,CCCCCCC,4.66,3.4,-90.6,Neutral Organics,Mysid (SW),,ChV,0.002071802504360676,8.0,
000142-82-5,CCCCCCC,4.66,3.4,-90.6,Neutral Organics,Earthworm,14-day,LC50,92.31036376953125,6.0,aboveWaterSolubility
001634-04-4,CC(C)(C)OC,0.94,51000.0,-108.6,Neutral Organics,Fish,96-hr,LC50,648.3548583984375,5.0,
001634-04-4,CC(C)(C)OC,0.94,51000.0,-108.6,Neutral Organics,Daphnid,48-hr,LC50,333.815673828125,5.0,
001634-04-4,CC(C)(C)OC,0.94,51000.0,-108.6,Neutral Organics,Green Algae,96-hr,EC50,165.9047088623047,6.400000095367432,
001634-04-4,CC(C)(C)OC,0.94,51000.0,-108.6,Neutral Organics,Fish,,ChV,56.46440505981445,8.0,
001634-04-4,CC(C)(C)OC,0.94,51000.0,-108.6,Neutral Organics,Daphnid,,ChV,24.79195785522461,8.0,
001634-04-4,CC(C)(C)OC,0.94,51000.0,-108.6,Neutral Organics,Green Algae,,ChV,34.93821716308594,8.0,
001634-04-4,CC(C)(C)OC,0.94,51000.0,-108.6,Neutral Organics,Fish (SW),96-hr,LC50,811.067138671875,5.0,
001634-04-4,CC(C)(C)OC,0.94,51000.0,-108.6,Neutral Organics,Mysid,96-hr,LC50,1235.972412109375,5.0,
001634-04-4,CC(C)(C)OC,0.94,51000.0,-108.6,Neutral Organics,Fish (SW),,ChV,46.08342742919922,8.0,
001634-04-4,CC(C)(C)OC,0.94,51000.0,-108.6,Neutral Organics,Mysid (SW),,ChV,146.26173400878906,8.0,
001634-04-4,CC(C)(C)OC,0.94,51000.0,-108.6,Neutral Organics,Earthworm,14-day,LC50,197.40072631835938,6.0,
000110-54-3,CCCCCC,3.9,9.5,-95.3,Neutral Organics,Fish,96-hr,LC50,1.3919039964675903,5.0,
000110-54-3,CCCCCC,3.9,9.5,-95.3,Neutral Organics,Daphnid,48-hr,LC50,0.9418882131576538,5.0,
000110-54-3,CCCCCC,3.9,9.5,-95.3,Neutral Organics,Green Algae,96-hr,EC50,1.449169635772705,6.400000095367432,
000110-54-3,CCCCCC,3.9,9.5,-95.3,Neutral Organics,Fish,,ChV,0.16733211278915405,8.0,
000110-54-3,CCCCCC,3.9,9.5,-95.3,Neutral Organics,Daphnid,,ChV,0.14967165887355804,8.0,
000110-54-3,CCCCCC,3.9,9.5,-95.3,Neutral Organics,Green Algae,,ChV,0.5609046816825867,8.0,
000110-54-3,CCCCCC,3.9,9.5,-95.3,Neutral Organics,Fish (SW),96-hr,LC50,1.7723499536514282,5.0,
000110-54-3,CCCCCC,3.9,9.5,-95.3,Neutral Organics,Mysid,96-hr,LC50,0.3636380434036255,5.0,
000110-54-3,CCCCCC,3.9,9.5,-95.3,Neutral Organics,Fish (SW),,ChV,0.6138038039207458,8.0,
000110-54-3,CCCCCC,3.9,9.5,-95.3,Neutral Organics,Mysid (SW),,ChV,0.017899420112371445,8.0,
000110-54-3,CCCCCC,3.9,9.5,-95.3,Neutral Organics,Earthworm,14-day,LC50,95.18519592285156,6.0,aboveWaterSolubility
000075-09-2,C(Cl)Cl,1.25,13000.0,-95.1,Neutral Organics,Fish,96-hr,LC50,329.0425109863281,5.0,
000075-09-2,C(Cl)Cl,1.25,13000.0,-95.1,Neutral Organics,Daphnid,48-hr,LC50,174.33192443847656,5.0,
000075-09-2,C(Cl)Cl,1.25,13000.0,-95.1,Neutral Organics,Green Algae,96-hr,EC50,97.52747344970703,6.400000095367432,
000075-09-2,C(Cl)Cl,1.25,13000.0,-95.1,Neutral Organics,Fish,,ChV,29.639921188354492,8.0,
000075-09-2,C(Cl)Cl,1.25,13000.0,-95.1,Neutral Organics,Daphnid,,ChV,14.02093505859375,8.0,
000075-09-2,C(Cl)Cl,1.25,13000.0,-95.1,Neutral Organics,Green Algae,,ChV,21.890308380126953,8.0,
000075-09-2,C(Cl)Cl,1.25,13000.0,-95.1,Neutral Organics,Fish (SW),96-hr,LC50,412.38421630859375,5.0,
000075-09-2,C(Cl)Cl,1.25,13000.0,-95.1,Neutral Organics,Mysid,96-hr,LC50,509.3917541503906,5.0,
000075-09-2,C(Cl)Cl,1.25,13000.0,-95.1,Neutral Organics,Fish (SW),,ChV,28.314048767089844,8.0,
000075-09-2,C(Cl)Cl,1.25,13000.0,-95.1,Neutral Organics,Mysid (SW),,ChV,54.9891471862793,8.0,
000075-09-2,C(Cl)Cl,1.25,13000.0,-95.1,Neutral Organics,Earthworm,14-day,LC50,176.62490844726562,6.0,
000071-43-2,C1=CC=CC=C1,2.13,1790.0,5.5,Neutral Organics,Fish,96-hr,LC50,49.043235778808594,5.0,
000071-43-2,C1=CC=CC=C1,2.13,1790.0,5.5,Neutral Organics,Daphnid,48-hr,LC50,28.183319091796875,5.0,
000071-43-2,C1=CC=CC=C1,2.13,1790.0,5.5,Neutral Organics,Green Algae,96-hr,EC50,22.062061309814453,6.400000095367432,
000071-43-2,C1=CC=CC=C1,2.13,1790.0,5.5,Neutral Organics,Fish,,ChV,4.862148284912109,8.0,
000071-43-2,C1=CC=CC=C1,2.13,1790.0,5.5,Neutral Organics,Daphnid,,ChV,2.841843366622925,8.0,
000071-43-2,C1=CC=CC=C1,2.13,1790.0,5.5,Neutral Organics,Green Algae,,ChV,5.934103488922119,8.0,
000071-43-2,C1=CC=CC=C1,2.13,1790.0,5.5,Neutral Organics,Fish (SW),96-hr,LC50,61.78984832763672,5.0,
000071-43-2,C1=CC=CC=C1,2.13,1790.0,5.5,Neutral Organics,Mysid,96-hr,LC50,42.05048370361328,5.0,
000071-43-2,C1=CC=CC=C1,2.13,1790.0,5.5,Neutral Organics,Fish (SW),,ChV,7.260944366455078,8.0,
000071-43-2,C1=CC=CC=C1,2.13,1790.0,5.5,Neutral Organics,Mysid (SW),,ChV,3.4973573684692383,8.0,
000071-43-2,C1=CC=CC=C1,2.13,1790.0,5.5,Neutral Organics,Earthworm,14-day,LC50,131.65919494628906,6.0,
000680-31-9,CN(C)P(=O)(N(C)C)N(C)C,0.28,1000000.0,7.2,Neutral Organics,Fish,96-hr,LC50,5160.353515625,5.0,
000680-31-9,CN(C)P(=O)(N(C)C)N(C)C,0.28,1000000.0,7.2,Neutral Organics,Daphnid,48-hr,LC50,2499.8125,5.0,
000680-31-9,CN(C)P(=O)(N(C)C)N(C)C,0.28,1000000.0,7.2,Neutral Organics,Green Algae,96-hr,EC50,965.6760864257812,6.400000095367432,
000680-31-9,CN(C)P(=O)(N(C)C)N(C)C,0.28,1000000.0,7.2,Neutral Organics,Fish,,ChV,418.23797607421875,8.0,
000680-31-9,CN(C)P(=O)(N(C)C)N(C)C,0.28,1000000.0,7.2,Neutral Organics,Daphnid,,ChV,156.6951141357422,8.0,
000680-31-9,CN(C)P(=O)(N(C)C)N(C)C,0.28,1000000.0,7.2,Neutral Organics,Green Algae,,ChV,177.55604553222656,8.0,
000680-31-9,CN(C)P(=O)(N(C)C)N(C)C,0.28,1000000.0,7.2,Neutral Organics,Fish (SW),96-hr,LC50,6429.94970703125,5.0,
000680-31-9,CN(C)P(=O)(N(C)C)N(C)C,0.28,1000000.0,7.2,Neutral Organics,Mysid,96-hr,LC50,15322.5625,5.0,
000680-31-9,CN(C)P(=O)(N(C)C)N(C)C,0.28,1000000.0,7.2,Neutral Organics,Fish (SW),,ChV,244.15377807617188,8.0,
000680-31-9,CN(C)P(=O)(N(C)C)N(C)C,0.28,1000000.0,7.2,Neutral Organics,Mysid (SW),,ChV,2204.93359375,8.0,
000680-31-9,CN(C)P(=O)(N(C)C)N(C)C,0.28,1000000.0,7.2,Neutral Organics,Earthworm,14-day,LC50,469.79833984375,6.0,
000056-23-5,C(Cl)(Cl)(Cl)Cl,2.83,793.0,-23.0,Neutral Organics,Fish,96-hr,LC50,22.70903968811035,5.0,
000056-23-5,C(Cl)(Cl)(Cl)Cl,2.83,793.0,-23.0,Neutral Organics,Daphnid,48-hr,LC50,13.921358108520508,5.0,
000056-23-5,C(Cl)(Cl)(Cl)Cl,2.83,793.0,-23.0,Neutral Organics,Green Algae,96-hr,EC50,14.236250877380371,6.400000095367432,
000056-23-5,C(Cl)(Cl)(Cl)Cl,2.83,793.0,-23.0,Neutral Organics,Fish,,ChV,2.429727554321289,8.0,
000056-23-5,C(Cl)(Cl)(Cl)Cl,2.83,793.0,-23.0,Neutral Organics,Daphnid,,ChV,1.6803885698318481,8.0,
000056-23-5,C(Cl)(Cl)(Cl)Cl,2.83,793.0,-23.0,Neutral Organics,Green Algae,,ChV,4.421957492828369,8.0,
000056-23-5,C(Cl)(Cl)(Cl)Cl,2.83,793.0,-23.0,Neutral Organics,Fish (SW),96-hr,LC50,28.731386184692383,5.0,
000056-23-5,C(Cl)(Cl)(Cl)Cl,2.83,793.0,-23.0,Neutral Organics,Mysid,96-hr,LC50,12.16944408416748,5.0,
000056-23-5,C(Cl)(Cl)(Cl)Cl,2.83,793.0,-23.0,Neutral Organics,Fish (SW),,ChV,5.176934242248535,8.0,
000056-23-5,C(Cl)(Cl)(Cl)Cl,2.83,793.0,-23.0,Neutral Organics,Mysid (SW),,ChV,0.8225257992744446,8.0,
000056-23-5,C(Cl)(Cl)(Cl)Cl,2.83,793.0,-23.0,Neutral Organics,Earthworm,14-day,LC50,219.35655212402344,6.0,
000123-91-1,C1COCCO1,-0.27,,11.8,Neutral Organics,Fish,96-hr,LC50,7912.22314453125,5.0,
000123-91-1,C1COCCO1,-0.27,,11.8,Neutral Organics,Daphnid,48-hr,LC50,3643.102294921875,5.0,
000123-91-1,C1COCCO1,-0.27,,11.8,Neutral Organics,Green Algae,96-hr,EC50,1140.789306640625,6.400000095367432,
000123-91-1,C1COCCO1,-0.27,,11.8,Neutral Organics,Fish,,ChV,603.9867553710938,8.0,
000123-91-1,C1COCCO1,-0.27,,11.8,Neutral Organics,Daphnid,,ChV,198.26197814941406,8.0,
000123-91-1,C1COCCO1,-0.27,,11.8,Neutral Organics,Green Algae,,ChV,187.32443237304688,8.0,
000123-91-1,C1COCCO1,-0.27,,11.8,Neutral Organics,Fish (SW),96-hr,LC50,9826.4443359375,5.0,
000123-91-1,C1COCCO1,-0.27,,11.8,Neutral Organics,Mysid,96-hr,LC50,33988.37109375,5.0,
000123-91-1,C1COCCO1,-0.27,,11.8,Neutral Organics,Fish (SW),,ChV,266.6811828613281,8.0,
000123-91-1,C1COCCO1,-0.27,,11.8,Neutral Organics,Mysid (SW),,ChV,5756.77685546875,8.0,
000123-91-1,C1COCCO1,-0.27,,11.8,Neutral Organics,Earthworm,14-day,LC50,263.3967590332031,6.0,
000109-86-4,COCCO,-0.77,1000000.0,-85.1,Neutral Organics,Fish,96-hr,LC50,19217.61328125,5.0,
000109-86-4,COCCO,-0.77,1000000.0,-85.1,Neutral Organics,Daphnid,48-hr,LC50,8449.33203125,5.0,
000109-86-4,COCCO,-0.77,1000000.0,-85.1,Neutral Organics,Green Algae,96-hr,EC50,2186.031005859375,6.400000095367432,
000109-86-4,COCCO,-0.77,1000000.0,-85.1,Neutral Organics,Fish,,ChV,1389.243408203125,8.0,
000109-86-4,COCCO,-0.77,1000000.0,-85.1,Neutral Organics,Daphnid,,ChV,404.38067626953125,8.0,
000109-86-4,COCCO,-0.77,1000000.0,-85.1,Neutral Organics,Green Algae,,ChV,323.8883972167969,8.0,
000109-86-4,COCCO,-0.77,1000000.0,-85.1,Neutral Organics,Fish (SW),96-hr,LC50,23795.64453125,5.0,
000109-86-4,COCCO,-0.77,1000000.0,-85.1,Neutral Organics,Mysid,96-hr,LC50,115486.5625,5.0,
000109-86-4,COCCO,-0.77,1000000.0,-85.1,Neutral Organics,Fish (SW),,ChV,475.8755187988281,8.0,
000109-86-4,COCCO,-0.77,1000000.0,-85.1,Neutral Organics,Mysid (SW),,ChV,22684.56640625,8.0,
000109-86-4,COCCO,-0.77,1000000.0,-85.1,Neutral Organics,Earthworm,14-day,LC50,256.3370666503906,6.0,
000872-50-4,CN1CCCC1=O,-0.38,1000000.0,-24.0,Neutral Organics,Fish,96-hr,LC50,11176.3212890625,5.0,
000872-50-4,CN1CCCC1=O,-0.38,1000000.0,-24.0,Neutral Organics,Daphnid,48-hr,LC50,5094.0224609375,5.0,
000872-50-4,CN1CCCC1=O,-0.38,1000000.0,-24.0,Neutral Organics,Green Algae,96-hr,EC50,1529.5260009765625,6.400000095367432,
000872-50-4,CN1CCCC1=O,-0.38,1000000.0,-24.0,Neutral Organics,Fish,,ChV,842.9947509765625,8.0,
000872-50-4,CN1CCCC1=O,-0.38,1000000.0,-24.0,Neutral Organics,Daphnid,,ChV,269.4963684082031,8.0,
000872-50-4,CN1CCCC1=O,-0.38,1000000.0,-24.0,Neutral Organics,Green Algae,,ChV,245.5403594970703,8.0,
000872-50-4,CN1CCCC1=O,-0.38,1000000.0,-24.0,Neutral Organics,Fish (SW),96-hr,LC50,13871.099609375,5.0,
000872-50-4,CN1CCCC1=O,-0.38,1000000.0,-24.0,Neutral Organics,Mysid,96-hr,LC50,51690.0390625,5.0,
000872-50-4,CN1CCCC1=O,-0.38,1000000.0,-24.0,Neutral Organics,Fish (SW),,ChV,351.99365234375,8.0,
000872-50-4,CN1CCCC1=O,-0.38,1000000.0,-24.0,Neutral Organics,Mysid (SW),,ChV,9045.0888671875,8.0,
000872-50-4,CN1CCCC1=O,-0.38,1000000.0,-24.0,Neutral Organics,Earthworm,14-day,LC50,304.2474060058594,6.0,
000872-50-4,CN1CCCC1=O,-0.38,1000000.0,-24.0,Amides,Fish,96-hr,LC50,1993.7598876953125,5.0,
000872-50-4,CN1CCCC1=O,-0.38,1000000.0,-24.0,Amides,Daphnid,48-hr,LC50,2779.961669921875,5.0,
000872-50-4,CN1CCCC1=O,-0.38,1000000.0,-24.0,Amides,Green Algae,96-hr,EC50,101.6203842163086,6.400000095367432,
000872-50-4,CN1CCCC1=O,-0.38,1000000.0,-24.0,Amides,Fish,,ChV,9.161042213439941,8.0,
000872-50-4,CN1CCCC1=O,-0.38,1000000.0,-24.0,Amides,Daphnid,,ChV,191.74093627929688,8.0,
000872-50-4,CN1CCCC1=O,-0.38,1000000.0,-24.0,Amides,Green Algae,,ChV,22.672367095947266,8.0,
000872-50-4,CN1CCCC1=O,-0.38,1000000.0,-24.0,Amides,Fish (SW),96-hr,LC50,1285.5439453125,5.0,
000872-50-4,CN1CCCC1=O,-0.38,1000000.0,-24.0,Amides,Mysid (SW),96-hr,LC50,38.37310028076172,5.0,
000872-50-4,CN1CCCC1=O,-0.38,1000000.0,-24.0,Amides,Mysid (SW),,ChV,36.020755767822266,8.0,
000872-50-4,CN1CCCC1=O,-0.38,1000000.0,-24.0,Amides,Earthworm,14-day,LC50,692.1605834960938,6.0,
000064-19-7,CC(=O)O,-0.17,1000000.0,16.635,Neutral Organics,Fish,96-hr,LC50,43854.25,5.0,
000064-19-7,CC(=O)O,-0.17,1000000.0,16.635,Neutral Organics,Daphnid,48-hr,LC50,20379.552734375,5.0,
000064-19-7,CC(=O)O,-0.17,1000000.0,16.635,Neutral Organics,Green Algae,96-hr,EC50,6629.92626953125,6.400000095367432,
000064-19-7,CC(=O)O,-0.17,1000000.0,16.635,Neutral Organics,Fish,,ChV,3384.314453125,8.0,
000064-19-7,CC(=O)O,-0.17,1000000.0,16.635,Neutral Organics,Daphnid,,ChV,1137.9488525390625,8.0,
000064-19-7,CC(=O)O,-0.17,1000000.0,16.635,Neutral Organics,Green Algae,,ChV,1111.290771484375,8.0,
000064-19-7,CC(=O)O,-0.17,1000000.0,16.635,Neutral Organics,Fish (SW),96-hr,LC50,54496.6484375,5.0,
000064-19-7,CC(=O)O,-0.17,1000000.0,16.635,Neutral Organics,Mysid,96-hr,LC50,176150.453125,5.0,
000064-19-7,CC(=O)O,-0.17,1000000.0,16.635,Neutral Organics,Fish (SW),,ChV,1572.1201171875,8.0,
000064-19-7,CC(=O)O,-0.17,1000000.0,16.635,Neutral Organics,Mysid (SW),,ChV,28964.28125,8.0,
000064-19-7,CC(=O)O,-0.17,1000000.0,16.635,Neutral Organics,Earthworm,14-day,LC50,1752.9266357421875,6.0,
000075-05-8,CC#N,-0.34,1000000.0,-43.8,Neutral Organics,Fish,96-hr,LC50,4260.86572265625,5.0,
000075-05-8,CC#N,-0.34,1000000.0,-43.8,Neutral Organics,Daphnid,48-hr,LC50,1949.2332763671875,5.0,
000075-05-8,CC#N,-0.34,1000000.0,-43.8,Neutral Organics,Green Algae,96-hr,EC50,594.2809448242188,6.400000095367432,
000075-05-8,CC#N,-0.34,1000000.0,-43.8,Neutral Organics,Fish,,ChV,322.7868347167969,8.0,
000075-05-8,CC#N,-0.34,1000000.0,-43.8,Neutral Organics,Daphnid,,ChV,104.18851470947266,8.0,
000075-05-8,CC#N,-0.34,1000000.0,-43.8,Neutral Organics,Green Algae,,ChV,96.18997955322266,8.0,
000075-05-8,CC#N,-0.34,1000000.0,-43.8,Neutral Organics,Fish (SW),96-hr,LC50,5289.490234375,5.0,
000075-05-8,CC#N,-0.34,1000000.0,-43.8,Neutral Organics,Mysid,96-hr,LC50,19184.12109375,5.0,
000075-05-8,CC#N,-0.34,1000000.0,-43.8,Neutral Organics,Fish (SW),,ChV,137.5453338623047,8.0,
000075-05-8,CC#N,-0.34,1000000.0,-43.8,Neutral Organics,Mysid (SW),,ChV,3317.415283203125,8.0,
000075-05-8,CC#N,-0.34,1000000.0,-43.8,Neutral Organics,Earthworm,14-day,LC50,124.79633331298828,6.0,
007664-41-7,N([H])([H])[H],,,-77.7,Neutral Organics,Fish,96-hr,LC50,544.9638671875,5.0,
007664-41-7,N([H])([H])[H],,,-77.7,Neutral Organics,Daphnid,48-hr,LC50,262.7547302246094,5.0,
007664-41-7,N([H])([H])[H],,,-77.7,Neutral Organics,Green Algae,96-hr,EC50,99.54483032226562,6.400000095367432,
007664-41-7,N([H])([H])[H],,,-77.7,Neutral Organics,Fish,,ChV,43.923736572265625,8.0,
007664-41-7,N([H])([H])[H],,,-77.7,Neutral Organics,Daphnid,,ChV,16.255746841430664,8.0,
007664-41-7,N([H])([H])[H],,,-77.7,Neutral Organics,Green Algae,,ChV,18.112083435058594,8.0,
007664-41-7,N([H])([H])[H],,,-77.7,Neutral Organics,Fish (SW),96-hr,LC50,678.8330688476562,5.0,
007664-41-7,N([H])([H])[H],,,-77.7,Neutral Organics,Mysid,96-hr,LC50,1674.5234375,5.0,
007664-41-7,N([H])([H])[H],,,-77.7,Neutral Organics,Fish (SW),,ChV,24.985830307006836,8.0,
007664-41-7,N([H])([H])[H],,,-77.7,Neutral Organics,Mysid (SW),,ChV,244.6351776123047,8.0,
007664-41-7,N([H])([H])[H],,,-77.7,Neutral Organics,Earthworm,14-day,LC50,45.194461822509766,6.0,
000071-36-3,CCCCO,0.88,63200.0,-89.8,Neutral Organics,Fish,96-hr,LC50,617.2053833007812,5.0,
000071-36-3,CCCCO,0.88,63200.0,-89.8,Neutral Organics,Daphnid,48-hr,LC50,316.0222473144531,5.0,
000071-36-3,CCCCO,0.88,63200.0,-89.8,Neutral Organics,Green Algae,96-hr,EC50,153.5047149658203,6.400000095367432,
000071-36-3,CCCCO,0.88,63200.0,-89.8,Neutral Organics,Fish,,ChV,53.40153503417969,8.0,
000071-36-3,CCCCO,0.88,63200.0,-89.8,Neutral Organics,Daphnid,,ChV,23.11136817932129,8.0,
000071-36-3,CCCCO,0.88,63200.0,-89.8,Neutral Organics,Green Algae,,ChV,31.93049430847168,8.0,
000071-36-3,CCCCO,0.88,63200.0,-89.8,Neutral Organics,Fish (SW),96-hr,LC50,771.8229370117188,5.0,
000071-36-3,CCCCO,0.88,63200.0,-89.8,Neutral Organics,Mysid,96-hr,LC50,1224.959228515625,5.0,
000071-36-3,CCCCO,0.88,63200.0,-89.8,Neutral Organics,Fish (SW),,ChV,42.27598571777344,8.0,
000071-36-3,CCCCO,0.88,63200.0,-89.8,Neutral Organics,Mysid (SW),,ChV,147.55899047851562,8.0,
000071-36-3,CCCCO,0.88,63200.0,-89.8,Neutral Organics,Earthworm,14-day,LC50,168.3843536376953,6.0,
000628-63-7,CCCCCOC(=O)C,2.3,,-70.8,Esters,Fish,96-hr,LC50,10.351244926452637,5.0,
000628-63-7,CCCCCOC(=O)C,2.3,,-70.8,Esters,Daphnid,48-hr,LC50,23.763620376586914,5.0,
000628-63-7,CCCCCOC(=O)C,2.3,,-70.8,Esters,Green Algae,96-hr,EC50,11.189553260803223,6.400000095367432,
000628-63-7,CCCCCOC(=O)C,2.3,,-70.8,Esters,Fish,,ChV,0.6946926712989807,8.0,
000628-63-7,CCCCCOC(=O)C,2.3,,-70.8,Esters,Daphnid,,ChV,3.4677889347076416,8.0,
000628-63-7,CCCCCOC(=O)C,2.3,,-70.8,Esters,Green Algae,,ChV,3.5255162715911865,8.0,
000628-63-7,CCCCCOC(=O)C,2.3,,-70.8,Esters,Fish (SW),96-hr,LC50,16.682178497314453,5.0,
000628-63-7,CCCCCOC(=O)C,2.3,,-70.8,Esters,Mysid,96-hr,LC50,12.220885276794434,5.0,
000628-63-7,CCCCCOC(=O)C,2.3,,-70.8,Esters,Fish (SW),,ChV,2.772188901901245,8.0,
000628-63-7,CCCCCOC(=O)C,2.3,,-70.8,Esters,Mysid (SW),,ChV,311.2952880859375,8.0,
000628-63-7,CCCCCOC(=O)C,2.3,,-70.8,Esters,Fish,14-day,LC50,995.3661499023438,6.0,
000628-63-7,CCCCCOC(=O)C,2.3,,-70.8,Esters,Earthworm,14-day,LC50,1358.478271484375,6.0,
000628-63-7,CCCCCOC(=O)C,2.3,,-70.8,Neutral Organics,Fish,96-hr,LC50,57.509918212890625,5.0,
000628-63-7,CCCCCOC(=O)C,2.3,,-70.8,Neutral Organics,Daphnid,48-hr,LC50,33.5716552734375,5.0,
000628-63-7,CCCCCOC(=O)C,2.3,,-70.8,Neutral Organics,Green Algae,96-hr,EC50,28.042238235473633,6.400000095367432,
000628-63-7,CCCCCOC(=O)C,2.3,,-70.8,Neutral Organics,Fish,,ChV,5.808082103729248,8.0,
000628-63-7,CCCCCOC(=O)C,2.3,,-70.8,Neutral Organics,Daphnid,,ChV,3.5363287925720215,8.0,
000628-63-7,CCCCCOC(=O)C,2.3,,-70.8,Neutral Organics,Green Algae,,ChV,7.810928821563721,8.0,
000628-63-7,CCCCCOC(=O)C,2.3,,-70.8,Neutral Organics,Fish (SW),96-hr,LC50,72.53084564208984,5.0,
000628-63-7,CCCCCOC(=O)C,2.3,,-70.8,Neutral Organics,Mysid,96-hr,LC50,43.99087905883789,5.0,
000628-63-7,CCCCCOC(=O)C,2.3,,-70.8,Neutral Organics,Fish (SW),,ChV,9.455458641052246,8.0,
000628-63-7,CCCCCOC(=O)C,2.3,,-70.8,Neutral Organics,Mysid (SW),,ChV,3.4789857864379883,8.0,
000628-63-7,CCCCCOC(=O)C,2.3,,-70.8,Neutral Organics,Earthworm,14-day,LC50,210.6990966796875,6.0,
000100-66-3,COC1=CC=CC=C1,2.11,1040.0,-37.5,Neutral Organics,Fish,96-hr,LC50,70.76197052001953,5.0,
000100-66-3,COC1=CC=CC=C1,2.11,1040.0,-37.5,Neutral Organics,Daphnid,48-hr,LC50,40.589237213134766,5.0,
000100-66-3,COC1=CC=CC=C1,2.11,1040.0,-37.5,Neutral Organics,Green Algae,96-hr,EC50,31.531803131103516,6.400000095367432,
000100-66-3,COC1=CC=CC=C1,2.11,1040.0,-37.5,Neutral Organics,Fish,,ChV,7.000079154968262,8.0,
000100-66-3,COC1=CC=CC=C1,2.11,1040.0,-37.5,Neutral Organics,Daphnid,,ChV,4.071803092956543,8.0,
000100-66-3,COC1=CC=CC=C1,2.11,1040.0,-37.5,Neutral Organics,Green Algae,,ChV,8.446402549743652,8.0,
000100-66-3,COC1=CC=CC=C1,2.11,1040.0,-37.5,Neutral Organics,Fish (SW),96-hr,LC50,89.1427230834961,5.0,
000100-66-3,COC1=CC=CC=C1,2.11,1040.0,-37.5,Neutral Organics,Mysid,96-hr,LC50,61.492759704589844,5.0,
000100-66-3,COC1=CC=CC=C1,2.11,1040.0,-37.5,Neutral Organics,Fish (SW),,ChV,10.34803295135498,8.0,
000100-66-3,COC1=CC=CC=C1,2.11,1040.0,-37.5,Neutral Organics,Mysid (SW),,ChV,5.144781589508057,8.0,
000100-66-3,COC1=CC=CC=C1,2.11,1040.0,-37.5,Neutral Organics,Earthworm,14-day,LC50,183.1402587890625,6.0,
000100-51-6,C1=CC=C(C=C1)CO,1.1,42900.0,-15.5,Neutral Organics,Fish,96-hr,LC50,571.32177734375,5.0,
000100-51-6,C1=CC=C(C=C1)CO,1.1,42900.0,-15.5,Neutral Organics,Daphnid,48-hr,LC50,298.5318908691406,5.0,
000100-51-6,C1=CC=C(C=C1)CO,1.1,42900.0,-15.5,Neutral Organics,Green Algae,96-hr,EC50,157.7141876220703,6.400000095367432,
000100-51-6,C1=CC=C(C=C1)CO,1.1,42900.0,-15.5,Neutral Organics,Fish,,ChV,50.63032913208008,8.0,
000100-51-6,C1=CC=C(C=C1)CO,1.1,42900.0,-15.5,Neutral Organics,Daphnid,,ChV,23.102060317993164,8.0,
000100-51-6,C1=CC=C(C=C1)CO,1.1,42900.0,-15.5,Neutral Organics,Green Algae,,ChV,34.324222564697266,8.0,
000100-51-6,C1=CC=C(C=C1)CO,1.1,42900.0,-15.5,Neutral Organics,Fish (SW),96-hr,LC50,715.3865966796875,5.0,
000100-51-6,C1=CC=C(C=C1)CO,1.1,42900.0,-15.5,Neutral Organics,Mysid,96-hr,LC50,978.1843872070312,5.0,
000100-51-6,C1=CC=C(C=C1)CO,1.1,42900.0,-15.5,Neutral Organics,Fish (SW),,ChV,44.8188591003418,8.0,
000100-51-6,C1=CC=C(C=C1)CO,1.1,42900.0,-15.5,Neutral Organics,Mysid (SW),,ChV,110.39535522460938,8.0,
000100-51-6,C1=CC=C(C=C1)CO,1.1,42900.0,-15.5,Neutral Organics,Earthworm,14-day,LC50,233.0884552001953,6.0,
000100-51-6,C1=CC=C(C=C1)CO,1.1,42900.0,-15.5,Benzyl Alcohols,Fish,96-hr,LC50,203.5029296875,5.0,
000100-51-6,C1=CC=C(C=C1)CO,1.1,42900.0,-15.5,Benzyl Alcohols,Daphnid,48-hr,LC50,151.3424530029297,5.0,
000100-51-6,C1=CC=C(C=C1)CO,1.1,42900.0,-15.5,Benzyl Alcohols,Green Algae,96-hr,EC50,46.494415283203125,6.400000095367432,
000100-51-6,C1=CC=C(C=C1)CO,1.1,42900.0,-15.5,Benzyl Alcohols,Fish,,ChV,14.862805366516113,8.0,
000100-51-6,C1=CC=C(C=C1)CO,1.1,42900.0,-15.5,Benzyl Alcohols,Daphnid,,ChV,19.95633316040039,8.0,acuteToChronicRatioApplied
000100-51-6,C1=CC=C(C=C1)CO,1.1,42900.0,-15.5,Benzyl Alcohols,Green Algae,,ChV,18.495698928833008,8.0,
000123-86-4,CCCCOC(=O)C,1.78,8400.0,-78.0,Esters,Fish,96-hr,LC50,19.026275634765625,5.0,
000123-86-4,CCCCOC(=O)C,1.78,8400.0,-78.0,Esters,Daphnid,48-hr,LC50,45.36342239379883,5.0,
000123-86-4,CCCCOC(=O)C,1.78,8400.0,-78.0,Esters,Green Algae,96-hr,EC50,23.56382942199707,6.400000095367432,
000123-86-4,CCCCOC(=O)C,1.78,8400.0,-78.0,Esters,Fish,,ChV,1.1998142004013062,8.0,
000123-86-4,CCCCOC(=O)C,1.78,8400.0,-78.0,Esters,Daphnid,,ChV,6.045466423034668,8.0,
000123-86-4,CCCCOC(=O)C,1.78,8400.0,-78.0,Esters,Green Algae,,ChV,7.079651355743408,8.0,
000123-86-4,CCCCOC(=O)C,1.78,8400.0,-78.0,Esters,Fish (SW),96-hr,LC50,31.738754272460938,5.0,
000123-86-4,CCCCOC(=O)C,1.78,8400.0,-78.0,Esters,Mysid,96-hr,LC50,25.14779281616211,5.0,
000123-86-4,CCCCOC(=O)C,1.78,8400.0,-78.0,Esters,Fish (SW),,ChV,4.7021002769470215,8.0,
000123-86-4,CCCCOC(=O)C,1.78,8400.0,-78.0,Esters,Mysid (SW),,ChV,2034.3310546875,8.0,
000123-86-4,CCCCOC(=O)C,1.78,8400.0,-78.0,Esters,Fish,14-day,LC50,3764.8525390625,6.0,
000123-86-4,CCCCOC(=O)C,1.78,8400.0,-78.0,Esters,Earthworm,14-day,LC50,1783.158203125,6.0,
000123-86-4,CCCCOC(=O)C,1.78,8400.0,-78.0,Neutral Organics,Fish,96-hr,LC50,150.39862060546875,5.0,
000123-86-4,CCCCOC(=O)C,1.78,8400.0,-78.0,Neutral Organics,Daphnid,48-hr,LC50,83.68003845214844,5.0,
000123-86-4,CCCCOC(=O)C,1.78,8400.0,-78.0,Neutral Organics,Green Algae,96-hr,EC50,57.31203842163086,6.400000095367432,
000123-86-4,CCCCOC(=O)C,1.78,8400.0,-78.0,Neutral Organics,Fish,,ChV,14.352840423583984,8.0,
000123-86-4,CCCCOC(=O)C,1.78,8400.0,-78.0,Neutral Organics,Daphnid,,ChV,7.712050437927246,8.0,
000123-86-4,CCCCOC(=O)C,1.78,8400.0,-78.0,Neutral Organics,Green Algae,,ChV,14.34497356414795,8.0,
000123-86-4,CCCCOC(=O)C,1.78,8400.0,-78.0,Neutral Organics,Fish (SW),96-hr,LC50,189.09146118164062,5.0,
000123-86-4,CCCCOC(=O)C,1.78,8400.0,-78.0,Neutral Organics,Mysid,96-hr,LC50,163.11572265625,5.0,
000123-86-4,CCCCOC(=O)C,1.78,8400.0,-78.0,Neutral Organics,Fish (SW),,ChV,17.944355010986328,8.0,
000123-86-4,CCCCOC(=O)C,1.78,8400.0,-78.0,Neutral Organics,Mysid (SW),,ChV,15.049078941345215,8.0,
000123-86-4,CCCCOC(=O)C,1.78,8400.0,-78.0,Neutral Organics,Earthworm,14-day,LC50,212.85108947753906,6.0,
000075-15-0,C(=S)=S,1.94,,-111.5,Neutral Organics,Fish,96-hr,LC50,70.80241394042969,5.0,
000075-15-0,C(=S)=S,1.94,,-111.5,Neutral Organics,Daphnid,48-hr,LC50,39.97993087768555,5.0,
000075-15-0,C(=S)=S,1.94,,-111.5,Neutral Organics,Green Algae,96-hr,EC50,29.10677146911621,6.400000095367432,
000075-15-0,C(=S)=S,1.94,,-111.5,Neutral Organics,Fish,,ChV,6.87559175491333,8.0,
000075-15-0,C(=S)=S,1.94,,-111.5,Neutral Organics,Daphnid,,ChV,3.839246988296509,8.0,
000075-15-0,C(=S)=S,1.94,,-111.5,Neutral Organics,Green Algae,,ChV,7.52897834777832,8.0,
000075-15-0,C(=S)=S,1.94,,-111.5,Neutral Organics,Fish (SW),96-hr,LC50,89.10294342041016,5.0,
000075-15-0,C(=S)=S,1.94,,-111.5,Neutral Organics,Mysid,96-hr,LC50,68.96744537353516,5.0,
000075-15-0,C(=S)=S,1.94,,-111.5,Neutral Organics,Fish (SW),,ChV,9.32352352142334,8.0,
000075-15-0,C(=S)=S,1.94,,-111.5,Neutral Organics,Mysid (SW),,ChV,6.068285942077637,8.0,
000075-15-0,C(=S)=S,1.94,,-111.5,Neutral Organics,Earthworm,14-day,LC50,134.27159118652344,6.0,
000108-90-7,C1=CC=C(C=C1)Cl,2.84,498.0,-45.31,Neutral Organics,Fish,96-hr,LC50,16.277164459228516,5.0,
000108-90-7,C1=CC=C(C=C1)Cl,2.84,498.0,-45.31,Neutral Organics,Daphnid,48-hr,LC50,9.98763370513916,5.0,
000108-90-7,C1=CC=C(C=C1)Cl,2.84,498.0,-45.31,Neutral Organics,Green Algae,96-hr,EC50,10.252613067626953,6.400000095367432,
000108-90-7,C1=CC=C(C=C1)Cl,2.84,498.0,-45.31,Neutral Organics,Fish,,ChV,1.7434544563293457,8.0,
000108-90-7,C1=CC=C(C=C1)Cl,2.84,498.0,-45.31,Neutral Organics,Daphnid,,ChV,1.2086665630340576,8.0,
000108-90-7,C1=CC=C(C=C1)Cl,2.84,498.0,-45.31,Neutral Organics,Green Algae,,ChV,3.191145181655884,8.0,
000108-90-7,C1=CC=C(C=C1)Cl,2.84,498.0,-45.31,Neutral Organics,Fish (SW),96-hr,LC50,20.595035552978516,5.0,
000108-90-7,C1=CC=C(C=C1)Cl,2.84,498.0,-45.31,Neutral Organics,Mysid,96-hr,LC50,8.664322853088379,5.0,
000108-90-7,C1=CC=C(C=C1)Cl,2.84,498.0,-45.31,Neutral Organics,Fish (SW),,ChV,3.733623743057251,8.0,
000108-90-7,C1=CC=C(C=C1)Cl,2.84,498.0,-45.31,Neutral Organics,Mysid (SW),,ChV,0.5838838219642639,8.0,
000108-90-7,C1=CC=C(C=C1)Cl,2.84,498.0,-45.31,Neutral Organics,Earthworm,14-day,LC50,160.1306915283203,6.0,
000067-66-3,C(Cl)(Cl)Cl,1.97,7950.0,-63.6,Neutral Organics,Fish,96-hr,LC50,104.34403991699219,5.0,
000067-66-3,C(Cl)(Cl)Cl,1.97,7950.0,-63.6,Neutral Organics,Daphnid,48-hr,LC50,59.083290100097656,5.0,
000067-66-3,C(Cl)(Cl)Cl,1.97,7950.0,-63.6,Neutral Organics,Green Algae,96-hr,EC50,43.51015853881836,6.400000095367432,
000067-66-3,C(Cl)(Cl)Cl,1.97,7950.0,-63.6,Neutral Organics,Fish,,ChV,10.16596794128418,8.0,
000067-66-3,C(Cl)(Cl)Cl,1.97,7950.0,-63.6,Neutral Organics,Daphnid,,ChV,5.71763801574707,8.0,
000067-66-3,C(Cl)(Cl)Cl,1.97,7950.0,-63.6,Neutral Organics,Green Algae,,ChV,11.324308395385742,8.0,
000067-66-3,C(Cl)(Cl)Cl,1.97,7950.0,-63.6,Neutral Organics,Fish (SW),96-hr,LC50,131.33778381347656,5.0,
000067-66-3,C(Cl)(Cl)Cl,1.97,7950.0,-63.6,Neutral Organics,Mysid,96-hr,LC50,99.61292266845703,5.0,
000067-66-3,C(Cl)(Cl)Cl,1.97,7950.0,-63.6,Neutral Organics,Fish (SW),,ChV,13.996956825256348,8.0,
000067-66-3,C(Cl)(Cl)Cl,1.97,7950.0,-63.6,Neutral Organics,Mysid (SW),,ChV,8.687134742736816,8.0,
000067-66-3,C(Cl)(Cl)Cl,1.97,7950.0,-63.6,Neutral Organics,Earthworm,14-day,LC50,209.0430145263672,6.0,
000124-38-9,C(=O)=O,0.83,1480.0,-56.5,Neutral Organics,Fish,96-hr,LC50,406.37542724609375,5.0,
000124-38-9,C(=O)=O,0.83,1480.0,-56.5,Neutral Organics,Daphnid,48-hr,LC50,207.11444091796875,5.0,
000124-38-9,C(=O)=O,0.83,1480.0,-56.5,Neutral Organics,Green Algae,96-hr,EC50,98.7016372680664,6.400000095367432,
000124-38-9,C(=O)=O,0.83,1480.0,-56.5,Neutral Organics,Fish,,ChV,34.96925735473633,8.0,
000124-38-9,C(=O)=O,0.83,1480.0,-56.5,Neutral Organics,Daphnid,,ChV,14.953346252441406,8.0,
000124-38-9,C(=O)=O,0.83,1480.0,-56.5,Neutral Organics,Green Algae,,ChV,20.3209171295166,8.0,
000124-38-9,C(=O)=O,0.83,1480.0,-56.5,Neutral Organics,Fish (SW),96-hr,LC50,508.0253601074219,5.0,
000124-38-9,C(=O)=O,0.83,1480.0,-56.5,Neutral Organics,Mysid,96-hr,LC50,834.0640869140625,5.0,
000124-38-9,C(=O)=O,0.83,1480.0,-56.5,Neutral Organics,Fish (SW),,ChV,26.98990821838379,8.0,
000124-38-9,C(=O)=O,0.83,1480.0,-56.5,Neutral Organics,Mysid (SW),,ChV,101.97140502929688,8.0,
000124-38-9,C(=O)=O,0.83,1480.0,-56.5,Neutral Organics,Earthworm,14-day,LC50,101.17642974853516,6.0,
000110-82-7,C1CCCCC1,3.44,55.0,6.6,Neutral Organics,Fish,96-hr,LC50,3.519289493560791,5.0,
000110-82-7,C1CCCCC1,3.44,55.0,6.6,Neutral Organics,Daphnid,48-hr,LC50,2.2824387550354004,5.0,
000110-82-7,C1CCCCC1,3.44,55.0,6.6,Neutral Organics,Green Algae,96-hr,EC50,2.9461238384246826,6.400000095367432,
000110-82-7,C1CCCCC1,3.44,55.0,6.6,Neutral Organics,Fish,,ChV,0.40240830183029175,8.0,
000110-82-7,C1CCCCC1,3.44,55.0,6.6,Neutral Organics,Daphnid,,ChV,0.3222576379776001,8.0,
000110-82-7,C1CCCCC1,3.44,55.0,6.6,Neutral Organics,Green Algae,,ChV,1.0373926162719727,8.0,
000110-82-7,C1CCCCC1,3.44,55.0,6.6,Neutral Organics,Fish (SW),96-hr,LC50,4.468883514404297,5.0,
000110-82-7,C1CCCCC1,3.44,55.0,6.6,Neutral Organics,Mysid,96-hr,LC50,1.252135157585144,5.0,
000110-82-7,C1CCCCC1,3.44,55.0,6.6,Neutral Organics,Fish (SW),,ChV,1.1686571836471558,8.0,
000110-82-7,C1CCCCC1,3.44,55.0,6.6,Neutral Organics,Mysid (SW),,ChV,0.07063550502061844,8.0,
000110-82-7,C1CCCCC1,3.44,55.0,6.6,Neutral Organics,Earthworm,14-day,LC50,103.75072479248047,6.0,aboveWaterSolubility
000108-94-1,C1CCC(=O)CC1,0.81,25000.0,-31.0,Neutral Organics,Fish,96-hr,LC50,944.5210571289062,5.0,
000108-94-1,C1CCC(=O)CC1,0.81,25000.0,-31.0,Neutral Organics,Daphnid,48-hr,LC50,480.4991455078125,5.0,
000108-94-1,C1CCC(=O)CC1,0.81,25000.0,-31.0,Neutral Organics,Green Algae,96-hr,EC50,227.24305725097656,6.400000095367432,
000108-94-1,C1CCC(=O)CC1,0.81,25000.0,-31.0,Neutral Organics,Fish,,ChV,81.10070037841797,8.0,
000108-94-1,C1CCC(=O)CC1,0.81,25000.0,-31.0,Neutral Organics,Daphnid,,ChV,34.51347351074219,8.0,
000108-94-1,C1CCC(=O)CC1,0.81,25000.0,-31.0,Neutral Organics,Green Algae,,ChV,46.59331130981445,8.0,
000108-94-1,C1CCC(=O)CC1,0.81,25000.0,-31.0,Neutral Organics,Fish (SW),96-hr,LC50,1180.640380859375,5.0,
000108-94-1,C1CCC(=O)CC1,0.81,25000.0,-31.0,Neutral Organics,Mysid,96-hr,LC50,1964.78759765625,5.0,
000108-94-1,C1CCC(=O)CC1,0.81,25000.0,-31.0,Neutral Organics,Fish (SW),,ChV,61.96260070800781,8.0,
000108-94-1,C1CCC(=O)CC1,0.81,25000.0,-31.0,Neutral Organics,Mysid (SW),,ChV,241.639892578125,8.0,
000108-94-1,C1CCC(=O)CC1,0.81,25000.0,-31.0,Neutral Organics,Earthworm,14-day,LC50,226.71258544921875,6.0,
005989-27-5,C=C(C)C1CC=C(C)CC1,4.38,13.8,-90.0,Neutral Organics,Fish,96-hr,LC50,0.8154990673065186,5.0,
005989-27-5,C=C(C)C1CC=C(C)CC1,4.38,13.8,-90.0,Neutral Organics,Daphnid,48-hr,LC50,0.576848030090332,5.0,
005989-27-5,C=C(C)C1CC=C(C)CC1,4.38,13.8,-90.0,Neutral Organics,Green Algae,96-hr,EC50,1.0660204887390137,6.400000095367432,
005989-27-5,C=C(C)C1CC=C(C)CC1,4.38,13.8,-90.0,Neutral Organics,Fish,,ChV,0.10329931974411011,8.0,
005989-27-5,C=C(C)C1CC=C(C)CC1,4.38,13.8,-90.0,Neutral Organics,Daphnid,,ChV,0.10369778424501419,8.0,
005989-27-5,C=C(C)C1CC=C(C)CC1,4.38,13.8,-90.0,Neutral Organics,Green Algae,,ChV,0.4554063677787781,8.0,
005989-27-5,C=C(C)C1CC=C(C)CC1,4.38,13.8,-90.0,Neutral Organics,Fish (SW),96-hr,LC50,1.0413849353790283,5.0,
005989-27-5,C=C(C)C1CC=C(C)CC1,4.38,13.8,-90.0,Neutral Organics,Mysid,96-hr,LC50,0.15435312688350677,5.0,
005989-27-5,C=C(C)C1CC=C(C)CC1,4.38,13.8,-90.0,Neutral Organics,Fish (SW),,ChV,0.4834899604320526,8.0,
005989-27-5,C=C(C)C1CC=C(C)CC1,4.38,13.8,-90.0,Neutral Organics,Mysid (SW),,ChV,0.0065903570502996445,8.0,
005989-27-5,C=C(C)C1CC=C(C)CC1,4.38,13.8,-90.0,Neutral Organics,Earthworm,14-day,LC50,134.182373046875,6.0,aboveWaterSolubility
000107-06-2,C(CCl)Cl,1.48,8600.0,-35.5,Neutral Organics,Fish,96-hr,LC50,238.27178955078125,5.0,
000107-06-2,C(CCl)Cl,1.48,8600.0,-35.5,Neutral Organics,Daphnid,48-hr,LC50,128.9497528076172,5.0,
000107-06-2,C(CCl)Cl,1.48,8600.0,-35.5,Neutral Organics,Green Algae,96-hr,EC50,78.7597885131836,6.400000095367432,
000107-06-2,C(CCl)Cl,1.48,8600.0,-35.5,Neutral Organics,Fish,,ChV,22.007795333862305,8.0,
000107-06-2,C(CCl)Cl,1.48,8600.0,-35.5,Neutral Organics,Daphnid,,ChV,11.002429008483887,8.0,
000107-06-2,C(CCl)Cl,1.48,8600.0,-35.5,Neutral Organics,Green Algae,,ChV,18.53396987915039,8.0,
000107-06-2,C(CCl)Cl,1.48,8600.0,-35.5,Neutral Organics,Fish (SW),96-hr,LC50,299.03399658203125,5.0,
000107-06-2,C(CCl)Cl,1.48,8600.0,-35.5,Neutral Organics,Mysid,96-hr,LC50,316.0854797363281,5.0,
000107-06-2,C(CCl)Cl,1.48,8600.0,-35.5,Neutral Organics,Fish (SW),,ChV,23.6274356842041,8.0,
000107-06-2,C(CCl)Cl,1.48,8600.0,-35.5,Neutral Organics,Mysid (SW),,ChV,31.873409271240234,8.0,
000107-06-2,C(CCl)Cl,1.48,8600.0,-35.5,Neutral Organics,Earthworm,14-day,LC50,194.79803466796875,6.0,
000123-42-2,CC(=O)CC(C)(C)O,-0.14,1000000.0,-44.0,Neutral Organics,Fish,96-hr,LC50,7972.5244140625,5.0,
000123-42-2,CC(=O)CC(C)(C)O,-0.14,1000000.0,-44.0,Neutral Organics,Daphnid,48-hr,LC50,3715.19677734375,5.0,
000123-42-2,CC(=O)CC(C)(C)O,-0.14,1000000.0,-44.0,Neutral Organics,Green Algae,96-hr,EC50,1222.5589599609375,6.400000095367432,
000123-42-2,CC(=O)CC(C)(C)O,-0.14,1000000.0,-44.0,Neutral Organics,Fish,,ChV,617.2681274414062,8.0,
000123-42-2,CC(=O)CC(C)(C)O,-0.14,1000000.0,-44.0,Neutral Organics,Daphnid,,ChV,209.05369567871094,8.0,
000123-42-2,CC(=O)CC(C)(C)O,-0.14,1000000.0,-44.0,Neutral Organics,Green Algae,,ChV,206.1901092529297,8.0,
000123-42-2,CC(=O)CC(C)(C)O,-0.14,1000000.0,-44.0,Neutral Organics,Fish (SW),96-hr,LC50,9909.046875,5.0,
000123-42-2,CC(=O)CC(C)(C)O,-0.14,1000000.0,-44.0,Neutral Organics,Mysid,96-hr,LC50,31384.837890625,5.0,
000123-42-2,CC(=O)CC(C)(C)O,-0.14,1000000.0,-44.0,Neutral Organics,Fish (SW),,ChV,291.14129638671875,8.0,
000123-42-2,CC(=O)CC(C)(C)O,-0.14,1000000.0,-44.0,Neutral Organics,Mysid (SW),,ChV,5114.90869140625,8.0,
000123-42-2,CC(=O)CC(C)(C)O,-0.14,1000000.0,-44.0,Neutral Organics,Earthworm,14-day,LC50,336.65093994140625,6.0,
000123-42-2,CC(=O)CC(C)(C)O,-0.14,1000000.0,-44.0,Ketone alcohols,Fish,96-hr,LC50,167.4479522705078,5.0,
000123-42-2,CC(=O)CC(C)(C)O,-0.14,1000000.0,-44.0,Ketone alcohols,Daphnid,48-hr,LC50,79.33007049560547,5.0,
000123-42-2,CC(=O)CC(C)(C)O,-0.14,1000000.0,-44.0,Ketone alcohols,Green Algae,96-hr,EC50,17.197124481201172,6.400000095367432,
000123-42-2,CC(=O)CC(C)(C)O,-0.14,1000000.0,-44.0,Ketone alcohols,Fish,,ChV,16.485870361328125,8.0,acuteToChronicRatioApplied
000123-42-2,CC(=O)CC(C)(C)O,-0.14,1000000.0,-44.0,Ketone alcohols,Daphnid,,ChV,7.853149890899658,8.0,acuteToChronicRatioApplied
000123-42-2,CC(=O)CC(C)(C)O,-0.14,1000000.0,-44.0,Ketone alcohols,Green Algae,,ChV,73.63933563232422,8.0,
000060-29-7,CCOCC,0.89,60400.0,-116.3,Neutral Organics,Fish,96-hr,LC50,604.572998046875,5.0,
000060-29-7,CCOCC,0.89,60400.0,-116.3,Neutral Organics,Daphnid,48-hr,LC50,309.8401184082031,5.0,
000060-29-7,CCOCC,0.89,60400.0,-116.3,Neutral Organics,Green Algae,96-hr,EC50,151.0774688720703,6.400000095367432,
000060-29-7,CCOCC,0.89,60400.0,-116.3,Neutral Organics,Fish,,ChV,52.36555480957031,8.0,
000060-29-7,CCOCC,0.89,60400.0,-116.3,Neutral Organics,Daphnid,,ChV,22.71756362915039,8.0,
000060-29-7,CCOCC,0.89,60400.0,-116.3,Neutral Organics,Green Algae,,ChV,31.49028778076172,8.0,
000060-29-7,CCOCC,0.89,60400.0,-116.3,Neutral Organics,Fish (SW),96-hr,LC50,756.0711669921875,5.0,
000060-29-7,CCOCC,0.89,60400.0,-116.3,Neutral Organics,Mysid,96-hr,LC50,1191.8583984375,5.0,
000060-29-7,CCOCC,0.89,60400.0,-116.3,Neutral Organics,Fish (SW),,ChV,41.66685485839844,8.0,
000060-29-7,CCOCC,0.89,60400.0,-116.3,Neutral Organics,Mysid (SW),,ChV,143.14683532714844,8.0,
000060-29-7,CCOCC,0.89,60400.0,-116.3,Neutral Organics,Earthworm,14-day,LC50,167.98275756835938,6.0,
000108-20-3,CC(C)OC(C)C,1.52,,-86.8,Neutral Organics,Fish,96-hr,LC50,226.48809814453125,5.0,
000108-20-3,CC(C)OC(C)C,1.52,,-86.8,Neutral Organics,Daphnid,48-hr,LC50,123.026123046875,5.0,
000108-20-3,CC(C)OC(C)C,1.52,,-86.8,Neutral Organics,Green Algae,96-hr,EC50,76.29803466796875,6.400000095367432,
000108-20-3,CC(C)OC(C)C,1.52,,-86.8,Neutral Organics,Fish,,ChV,21.0107421875,8.0,
000108-20-3,CC(C)OC(C)C,1.52,,-86.8,Neutral Organics,Daphnid,,ChV,10.605456352233887,8.0,
000108-20-3,CC(C)OC(C)C,1.52,,-86.8,Neutral Organics,Green Algae,,ChV,18.102951049804688,8.0,
000108-20-3,CC(C)OC(C)C,1.52,,-86.8,Neutral Organics,Fish (SW),96-hr,LC50,284.3134460449219,5.0,
000108-20-3,CC(C)OC(C)C,1.52,,-86.8,Neutral Organics,Mysid,96-hr,LC50,292.4915771484375,5.0,
000108-20-3,CC(C)OC(C)C,1.52,,-86.8,Neutral Organics,Fish (SW),,ChV,23.019792556762695,8.0,
000108-20-3,CC(C)OC(C)C,1.52,,-86.8,Neutral Organics,Mysid (SW),,ChV,29.14670181274414,8.0,
000108-20-3,CC(C)OC(C)C,1.52,,-86.8,Neutral Organics,Earthworm,14-day,LC50,199.22021484375,6.0,
000115-10-6,COC,0.1,46000.0,-141.5,Neutral Organics,Fish,96-hr,LC50,1924.883544921875,5.0,
000115-10-6,COC,0.1,46000.0,-141.5,Neutral Organics,Daphnid,48-hr,LC50,917.0950317382812,5.0,
000115-10-6,COC,0.1,46000.0,-141.5,Neutral Organics,Green Algae,96-hr,EC50,330.745849609375,6.400000095367432,
000115-10-6,COC,0.1,46000.0,-141.5,Neutral Organics,Fish,,ChV,152.9799041748047,8.0,
000115-10-6,COC,0.1,46000.0,-141.5,Neutral Organics,Daphnid,,ChV,54.88762664794922,8.0,
000115-10-6,COC,0.1,46000.0,-141.5,Neutral Organics,Green Algae,,ChV,58.60361862182617,8.0,
000115-10-6,COC,0.1,46000.0,-141.5,Neutral Organics,Fish (SW),96-hr,LC50,2395.876708984375,5.0,
000115-10-6,COC,0.1,46000.0,-141.5,Neutral Organics,Mysid,96-hr,LC50,6449.77392578125,5.0,
000115-10-6,COC,0.1,46000.0,-141.5,Neutral Organics,Fish (SW),,ChV,81.50503540039062,8.0,
000115-10-6,COC,0.1,46000.0,-141.5,Neutral Organics,Mysid (SW),,ChV,978.9814453125,8.0,
000115-10-6,COC,0.1,46000.0,-141.5,Neutral Organics,Earthworm,14-day,LC50,126.07949829101562,6.0,
000127-19-5,CC(=O)N(C)C,-0.77,1000000.0,-20.0,Neutral Organics,Fish,96-hr,LC50,22002.263671875,5.0,
000127-19-5,CC(=O)N(C)C,-0.77,1000000.0,-20.0,Neutral Organics,Daphnid,48-hr,LC50,9673.6484375,5.0,
000127-19-5,CC(=O)N(C)C,-0.77,1000000.0,-20.0,Neutral Organics,Green Algae,96-hr,EC50,2502.7890625,6.400000095367432,
000127-19-5,CC(=O)N(C)C,-0.77,1000000.0,-20.0,Neutral Organics,Fish,,ChV,1590.546142578125,8.0,
000127-19-5,CC(=O)N(C)C,-0.77,1000000.0,-20.0,Neutral Organics,Daphnid,,ChV,462.975830078125,8.0,
000127-19-5,CC(=O)N(C)C,-0.77,1000000.0,-20.0,Neutral Organics,Green Algae,,ChV,370.8201599121094,8.0,
000127-19-5,CC(=O)N(C)C,-0.77,1000000.0,-20.0,Neutral Organics,Fish (SW),96-hr,LC50,27243.65625,5.0,
000127-19-5,CC(=O)N(C)C,-0.77,1000000.0,-20.0,Neutral Organics,Mysid,96-hr,LC50,132220.671875,5.0,
000127-19-5,CC(=O)N(C)C,-0.77,1000000.0,-20.0,Neutral Organics,Fish (SW),,ChV,544.830322265625,8.0,
000127-19-5,CC(=O)N(C)C,-0.77,1000000.0,-20.0,Neutral Organics,Mysid (SW),,ChV,25971.58203125,8.0,
000127-19-5,CC(=O)N(C)C,-0.77,1000000.0,-20.0,Neutral Organics,Earthworm,14-day,LC50,293.48052978515625,6.0,
000127-19-5,CC(=O)N(C)C,-0.77,1000000.0,-20.0,Amides,Fish,96-hr,LC50,3531.328857421875,5.0,
000127-19-5,CC(=O)N(C)C,-0.77,1000000.0,-20.0,Amides,Daphnid,48-hr,LC50,5223.08740234375,5.0,
000127-19-5,CC(=O)N(C)C,-0.77,1000000.0,-20.0,Amides,Green Algae,96-hr,EC50,156.1242218017578,6.400000095367432,
000127-19-5,CC(=O)N(C)C,-0.77,1000000.0,-20.0,Amides,Fish,,ChV,13.673395156860352,8.0,
000127-19-5,CC(=O)N(C)C,-0.77,1000000.0,-20.0,Amides,Daphnid,,ChV,312.09100341796875,8.0,
000127-19-5,CC(=O)N(C)C,-0.77,1000000.0,-20.0,Amides,Green Algae,,ChV,29.321374893188477,8.0,
000127-19-5,CC(=O)N(C)C,-0.77,1000000.0,-20.0,Amides,Fish (SW),96-hr,LC50,2138.795654296875,5.0,
000127-19-5,CC(=O)N(C)C,-0.77,1000000.0,-20.0,Amides,Mysid (SW),96-hr,LC50,56.45199203491211,5.0,
000127-19-5,CC(=O)N(C)C,-0.77,1000000.0,-20.0,Amides,Mysid (SW),,ChV,75.05995178222656,8.0,
000127-19-5,CC(=O)N(C)C,-0.77,1000000.0,-20.0,Amides,Earthworm,14-day,LC50,702.1005249023438,6.0,
000110-71-4,COCCOC,-0.21,,-58.0,Neutral Organics,Fish,96-hr,LC50,7148.87451171875,5.0,
000110-71-4,COCCOC,-0.21,,-58.0,Neutral Organics,Daphnid,48-hr,LC50,3309.91259765625,5.0,
000110-71-4,COCCOC,-0.21,,-58.0,Neutral Organics,Green Algae,96-hr,EC50,1060.4705810546875,6.400000095367432,
000110-71-4,COCCOC,-0.21,,-58.0,Neutral Organics,Fish,,ChV,549.293701171875,8.0,
000110-71-4,COCCOC,-0.21,,-58.0,Neutral Organics,Daphnid,,ChV,182.9281768798828,8.0,
000110-71-4,COCCOC,-0.21,,-58.0,Neutral Organics,Green Algae,,ChV,176.2972869873047,8.0,
000110-71-4,COCCOC,-0.21,,-58.0,Neutral Organics,Fish (SW),96-hr,LC50,8881.6103515625,5.0,
000110-71-4,COCCOC,-0.21,,-58.0,Neutral Organics,Mysid,96-hr,LC50,29496.705078125,5.0,
000110-71-4,COCCOC,-0.21,,-58.0,Neutral Organics,Fish (SW),,ChV,250.0343017578125,8.0,
000110-71-4,COCCOC,-0.21,,-58.0,Neutral Organics,Mysid (SW),,ChV,4907.955078125,8.0,
000110-71-4,COCCOC,-0.21,,-58.0,Neutral Organics,Earthworm,14-day,LC50,265.5911560058594,6.0,
007226-23-5,CN1CCCN(C)C1=O,,,,Neutral Organics,Fish,96-hr,LC50,4561.44287109375,5.0,aboveWaterSolubility
007226-23-5,CN1CCCN(C)C1=O,,,,Neutral Organics,Daphnid,48-hr,LC50,2188.889892578125,5.0,
007226-23-5,CN1CCCN(C)C1=O,,,,Neutral Organics,Green Algae,96-hr,EC50,813.1488037109375,6.400000095367432,
007226-23-5,CN1CCCN(C)C1=O,,,,Neutral Organics,Fish,,ChV,365.5970458984375,8.0,
007226-23-5,CN1CCCN(C)C1=O,,,,Neutral Organics,Daphnid,,ChV,133.64234924316406,8.0,
007226-23-5,CN1CCCN(C)C1=O,,,,Neutral Organics,Green Algae,,ChV,146.3961639404297,8.0,
007226-23-5,CN1CCCN(C)C1=O,,,,Neutral Organics,Fish (SW),96-hr,LC50,5680.20556640625,5.0,aboveWaterSolubility
007226-23-5,CN1CCCN(C)C1=O,,,,Neutral Organics,Mysid,96-hr,LC50,14508.21875,5.0,aboveWaterSolubility
007226-23-5,CN1CCCN(C)C1=O,,,,Neutral Organics,Fish (SW),,ChV,202.6112060546875,8.0,
007226-23-5,CN1CCCN(C)C1=O,,,,Neutral Organics,Mysid (SW),,ChV,2152.0732421875,8.0,
007226-23-5,CN1CCCN(C)C1=O,,,,Neutral Organics,Earthworm,14-day,LC50,344.340087890625,6.0,
007226-23-5,CN1CCCN(C)C1=O,,,,Substituted Ureas,Fish,96-hr,LC50,1124.6165771484375,5.0,
007226-23-5,CN1CCCN(C)C1=O,,,,Substituted Ureas,Daphnid,48-hr,LC50,904.5989990234375,5.0,
007226-23-5,CN1CCCN(C)C1=O,,,,Substituted Ureas,Green Algae,96-hr,EC50,0.8695679903030396,6.400000095367432,
007226-23-5,CN1CCCN(C)C1=O,,,,Substituted Ureas,Fish,,ChV,21.164514541625977,8.0,
007226-23-5,CN1CCCN(C)C1=O,,,,Substituted Ureas,Daphnid,,ChV,24.09882926940918,8.0,
007226-23-5,CN1CCCN(C)C1=O,,,,Substituted Ureas,Green Algae,,ChV,0.3035159111022949,8.0,
007226-23-5,CN1CCCN(C)C1=O,,,,Substituted Ureas,Fish (SW),96-hr,LC50,82.13387298583984,5.0,
007226-23-5,CN1CCCN(C)C1=O,,,,Substituted Ureas,Mysid (SW),96-hr,LC50,191.52178955078125,5.0,
007226-23-5,CN1CCCN(C)C1=O,,,,Substituted Ureas,Fish (SW),,ChV,2.6750357151031494,8.0,
007226-23-5,CN1CCCN(C)C1=O,,,,Substituted Ureas,Mysid (SW),,ChV,109.09679412841797,8.0,
000067-68-5,CS(=O)C,-1.35,1000000.0,18.55,Neutral Organics,Fish,96-hr,LC50,65471.23828125,5.0,
000067-68-5,CS(=O)C,-1.35,1000000.0,18.55,Neutral Organics,Daphnid,48-hr,LC50,27284.466796875,5.0,
000067-68-5,CS(=O)C,-1.35,1000000.0,18.55,Neutral Organics,Green Algae,96-hr,EC50,5656.9931640625,6.400000095367432,
000067-68-5,CS(=O)C,-1.35,1000000.0,18.55,Neutral Organics,Fish,,ChV,4443.19677734375,8.0,
000067-68-5,CS(=O)C,-1.35,1000000.0,18.55,Neutral Organics,Daphnid,,ChV,1125.0079345703125,8.0,
000067-68-5,CS(=O)C,-1.35,1000000.0,18.55,Neutral Organics,Green Algae,,ChV,743.9275512695312,8.0,
000067-68-5,CS(=O)C,-1.35,1000000.0,18.55,Neutral Organics,Fish (SW),96-hr,LC50,80786.828125,5.0,
000067-68-5,CS(=O)C,-1.35,1000000.0,18.55,Neutral Organics,Mysid,96-hr,LC50,580778.6875,5.0,
000067-68-5,CS(=O)C,-1.35,1000000.0,18.55,Neutral Organics,Fish (SW),,ChV,1133.7586669921875,8.0,
000067-68-5,CS(=O)C,-1.35,1000000.0,18.55,Neutral Organics,Mysid (SW),,ChV,135473.9375,8.0,
000067-68-5,CS(=O)C,-1.35,1000000.0,18.55,Neutral Organics,Earthworm,14-day,LC50,302.28082275390625,6.0,
000064-17-5,CCO,-0.31,1000000.0,-114.1,Neutral Organics,Fish,96-hr,LC50,4493.921875,5.0,
000064-17-5,CCO,-0.31,1000000.0,-114.1,Neutral Organics,Daphnid,48-hr,LC50,2061.552490234375,5.0,
000064-17-5,CCO,-0.31,1000000.0,-114.1,Neutral Organics,Green Algae,96-hr,EC50,635.7647094726562,6.400000095367432,
000064-17-5,CCO,-0.31,1000000.0,-114.1,Neutral Organics,Fish,,ChV,341.556396484375,8.0,
000064-17-5,CCO,-0.31,1000000.0,-114.1,Neutral Organics,Daphnid,,ChV,111.04485321044922,8.0,
000064-17-5,CCO,-0.31,1000000.0,-114.1,Neutral Organics,Green Algae,,ChV,103.541259765625,8.0,
000064-17-5,CCO,-0.31,1000000.0,-114.1,Neutral Organics,Fish (SW),96-hr,LC50,5579.81005859375,5.0,
000064-17-5,CCO,-0.31,1000000.0,-114.1,Neutral Organics,Mysid,96-hr,LC50,19829.9453125,5.0,
000064-17-5,CCO,-0.31,1000000.0,-114.1,Neutral Organics,Fish (SW),,ChV,147.77719116210938,8.0,
000064-17-5,CCO,-0.31,1000000.0,-114.1,Neutral Organics,Mysid (SW),,ChV,3398.744384765625,8.0,
000064-17-5,CCO,-0.31,1000000.0,-114.1,Neutral Organics,Earthworm,14-day,LC50,139.04693603515625,6.0,
000141-78-6,CCOC(=O)C,0.73,80000.0,-83.6,Esters,Fish,96-hr,LC50,62.09882736206055,5.0,
000141-78-6,CCOC(=O)C,0.73,80000.0,-83.6,Esters,Daphnid,48-hr,LC50,159.81419372558594,5.0,
000141-78-6,CCOC(=O)C,0.73,80000.0,-83.6,Esters,Green Algae,96-hr,EC50,101.21746063232422,6.400000095367432,
000141-78-6,CCOC(=O)C,0.73,80000.0,-83.6,Esters,Fish,,ChV,3.4533727169036865,8.0,
000141-78-6,CCOC(=O)C,0.73,80000.0,-83.6,Esters,Daphnid,,ChV,17.731658935546875,8.0,
000141-78-6,CCOC(=O)C,0.73,80000.0,-83.6,Esters,Green Algae,,ChV,27.627168655395508,8.0,
000141-78-6,CCOC(=O)C,0.73,80000.0,-83.6,Esters,Fish (SW),96-hr,LC50,111.0604476928711,5.0,
000141-78-6,CCOC(=O)C,0.73,80000.0,-83.6,Esters,Mysid,96-hr,LC50,103.09661865234375,5.0,
000141-78-6,CCOC(=O)C,0.73,80000.0,-83.6,Esters,Fish (SW),,ChV,13.048673629760742,8.0,
000141-78-6,CCOC(=O)C,0.73,80000.0,-83.6,Esters,Mysid (SW),,ChV,86004.5078125,8.0,aboveWaterSolubility
000141-78-6,CCOC(=O)C,0.73,80000.0,-83.6,Esters,Fish,14-day,LC50,52760.93359375,6.0,
000141-78-6,CCOC(=O)C,0.73,80000.0,-83.6,Esters,Earthworm,14-day,LC50,2948.895263671875,6.0,
000141-78-6,CCOC(=O)C,0.73,80000.0,-83.6,Neutral Organics,Fish,96-hr,LC50,1000.4569091796875,5.0,
000141-78-6,CCOC(=O)C,0.73,80000.0,-83.6,Neutral Organics,Daphnid,48-hr,LC50,505.2093200683594,5.0,
000141-78-6,CCOC(=O)C,0.73,80000.0,-83.6,Neutral Organics,Green Algae,96-hr,EC50,231.74234008789062,6.400000095367432,
000141-78-6,CCOC(=O)C,0.73,80000.0,-83.6,Neutral Organics,Fish,,ChV,85.15838623046875,8.0,
000141-78-6,CCOC(=O)C,0.73,80000.0,-83.6,Neutral Organics,Daphnid,,ChV,35.549983978271484,8.0,
000141-78-6,CCOC(=O)C,0.73,80000.0,-83.6,Neutral Organics,Green Algae,,ChV,46.7406120300293,8.0,
000141-78-6,CCOC(=O)C,0.73,80000.0,-83.6,Neutral Organics,Fish (SW),96-hr,LC50,1249.9609375,5.0,
000141-78-6,CCOC(=O)C,0.73,80000.0,-83.6,Neutral Organics,Mysid,96-hr,LC50,2195.989990234375,5.0,
000141-78-6,CCOC(=O)C,0.73,80000.0,-83.6,Neutral Organics,Fish (SW),,ChV,62.47300338745117,8.0,
000141-78-6,CCOC(=O)C,0.73,80000.0,-83.6,Neutral Organics,Mysid (SW),,ChV,276.55364990234375,8.0,
000141-78-6,CCOC(=O)C,0.73,80000.0,-83.6,Neutral Organics,Earthworm,14-day,LC50,207.4485626220703,6.0,
000107-21-1,C(CO)O,-1.36,1000000.0,-13.0,Neutral Organics,Fish,96-hr,LC50,53099.55859375,5.0,
000107-21-1,C(CO)O,-1.36,1000000.0,-13.0,Neutral Organics,Daphnid,48-hr,LC50,22108.2734375,5.0,
000107-21-1,C(CO)O,-1.36,1000000.0,-13.0,Neutral Organics,Green Algae,96-hr,EC50,4566.32470703125,6.400000095367432,
000107-21-1,C(CO)O,-1.36,1000000.0,-13.0,Neutral Organics,Fish,,ChV,3599.670654296875,8.0,
000107-21-1,C(CO)O,-1.36,1000000.0,-13.0,Neutral Organics,Daphnid,,ChV,909.240478515625,8.0,
000107-21-1,C(CO)O,-1.36,1000000.0,-13.0,Neutral Organics,Green Algae,,ChV,599.2648315429688,8.0,
000107-21-1,C(CO)O,-1.36,1000000.0,-13.0,Neutral Organics,Fish (SW),96-hr,LC50,65517.1015625,5.0,
000107-21-1,C(CO)O,-1.36,1000000.0,-13.0,Neutral Organics,Mysid,96-hr,LC50,474205.59375,5.0,
000107-21-1,C(CO)O,-1.36,1000000.0,-13.0,Neutral Organics,Fish (SW),,ChV,913.866455078125,8.0,
000107-21-1,C(CO)O,-1.36,1000000.0,-13.0,Neutral Organics,Mysid (SW),,ChV,110942.6953125,8.0,
000107-21-1,C(CO)O,-1.36,1000000.0,-13.0,Neutral Organics,Earthworm,14-day,LC50,240.7169952392578,6.0,
000064-18-6,C(=O)O,-0.54,1000000.0,8.3,Neutral Organics,Fish,96-hr,LC50,7223.97705078125,5.0,
000064-18-6,C(=O)O,-0.54,1000000.0,8.3,Neutral Organics,Daphnid,48-hr,LC50,3244.3095703125,5.0,
000064-18-6,C(=O)O,-0.54,1000000.0,8.3,Neutral Organics,Green Algae,96-hr,EC50,916.4110107421875,6.400000095367432,
000064-18-6,C(=O)O,-0.54,1000000.0,8.3,Neutral Organics,Fish,,ChV,535.468994140625,8.0,
000064-18-6,C(=O)O,-0.54,1000000.0,8.3,Neutral Organics,Daphnid,,ChV,164.7245330810547,8.0,
000064-18-6,C(=O)O,-0.54,1000000.0,8.3,Neutral Organics,Green Algae,,ChV,142.3535614013672,8.0,
000064-18-6,C(=O)O,-0.54,1000000.0,8.3,Neutral Organics,Fish (SW),96-hr,LC50,8957.201171875,5.0,
000064-18-6,C(=O)O,-0.54,1000000.0,8.3,Neutral Organics,Mysid,96-hr,LC50,37199.76953125,5.0,
000064-18-6,C(=O)O,-0.54,1000000.0,8.3,Neutral Organics,Fish (SW),,ChV,206.14097595214844,8.0,
000064-18-6,C(=O)O,-0.54,1000000.0,8.3,Neutral Organics,Mysid (SW),,ChV,6825.5625,8.0,
000064-18-6,C(=O)O,-0.54,1000000.0,8.3,Neutral Organics,Earthworm,14-day,LC50,146.75750732421875,6.0,
