cas,name,list,cas_raw,source
75-07-0,Acetaldehyde,CAA112(b),75070,USCODE-2023-title42-sec7412
60-35-5,Acetamide,CAA112(b),60355,USCODE-2023-title42-sec7412
75-05-8,Acetonitrile,CAA112(b),75058,USCODE-2023-title42-sec7412
98-86-2,Acetophenone,CAA112(b),98862,USCODE-2023-title42-sec7412
53-96-3,2-Acetylaminofluorene,CAA112(b),53963,USCODE-2023-title42-sec7412
107-02-8,Acrolein,CAA112(b),107028,USCODE-2023-title42-sec7412
79-06-1,Acrylamide,CAA112(b),79061,USCODE-2023-title42-sec7412
79-10-7,Acrylic acid,CAA112(b),79107,USCODE-2023-title42-sec7412
107-13-1,Acrylonitrile,CAA112(b),107131,USCODE-2023-title42-sec7412
107-05-1,Allyl chloride,CAA112(b),107051,USCODE-2023-title42-sec7412
92-67-1,4-Aminobiphenyl,CAA112(b),92671,USCODE-2023-title42-sec7412
62-53-3,Aniline,CAA112(b),62533,USCODE-2023-title42-sec7412
90-04-0,o-Anisidine,CAA112(b),90040,USCODE-2023-title42-sec7412
1332-21-4,Asbestos,CAA112(b),1332214,USCODE-2023-title42-sec7412
71-43-2,Benzene (including benzene from gasoline),CAA112(b),71432,USCODE-2023-title42-sec7412
92-87-5,Benzidine,CAA112(b),92875,USCODE-2023-title42-sec7412
98-07-7,Benzotrichloride,CAA112(b),98077,USCODE-2023-title42-sec7412
100-44-7,Benzyl chloride,CAA112(b),100447,USCODE-2023-title42-sec7412
92-52-4,Biphenyl,CAA112(b),92524,USCODE-2023-title42-sec7412
117-81-7,Bis(2-ethylhexyl)phthalate (DEHP),CAA112(b),117817,USCODE-2023-title42-sec7412
542-88-1,Bis(chloromethyl)ether,CAA112(b),542881,USCODE-2023-title42-sec7412
75-25-2,Bromoform,CAA112(b),75252,USCODE-2023-title42-sec7412
106-99-0,"1,3-Butadiene",CAA112(b),106990,USCODE-2023-title42-sec7412
156-62-7,Calcium cyanamide,CAA112(b),156627,USCODE-2023-title42-sec7412
105-60-2,Caprolactam,CAA112(b),105602,USCODE-2023-title42-sec7412
133-06-2,Captan,CAA112(b),133062,USCODE-2023-title42-sec7412
63-25-2,Carbaryl,CAA112(b),63252,USCODE-2023-title42-sec7412
75-15-0,Carbon disulfide,CAA112(b),75150,USCODE-2023-title42-sec7412
56-23-5,Carbon tetrachloride,CAA112(b),56235,USCODE-2023-title42-sec7412
463-58-1,Carbonyl sulfide,CAA112(b),463581,USCODE-2023-title42-sec7412
120-80-9,Catechol,CAA112(b),120809,USCODE-2023-title42-sec7412
133-90-4,Chloramben,CAA112(b),133904,USCODE-2023-title42-sec7412
57-74-9,Chlordane,CAA112(b),57749,USCODE-2023-title42-sec7412
7782-50-5,Chlorine,CAA112(b),7782505,USCODE-2023-title42-sec7412
79-11-8,Chloroacetic acid,CAA112(b),79118,USCODE-2023-title42-sec7412
532-27-4,2-Chloroacetophenone,CAA112(b),532274,USCODE-2023-title42-sec7412
108-90-7,Chlorobenzene,CAA112(b),108907,USCODE-2023-title42-sec7412
510-15-6,Chlorobenzilate,CAA112(b),510156,USCODE-2023-title42-sec7412
67-66-3,Chloroform,CAA112(b),67663,USCODE-2023-title42-sec7412
107-30-2,Chloromethyl methyl ether,CAA112(b),107302,USCODE-2023-title42-sec7412
126-99-8,Chloroprene,CAA112(b),126998,USCODE-2023-title42-sec7412
1319-77-3,Cresols/Cresylic acid (isomers and mixture),CAA112(b),1319773,USCODE-2023-title42-sec7412
95-48-7,o-Cresol,CAA112(b),95487,USCODE-2023-title42-sec7412
108-39-4,m-Cresol,CAA112(b),108394,USCODE-2023-title42-sec7412
106-44-5,p-Cresol,CAA112(b),106445,USCODE-2023-title42-sec7412
98-82-8,Cumene,CAA112(b),98828,USCODE-2023-title42-sec7412
94-75-7,"2,4-D, salts and esters",CAA112(b),94757,USCODE-2023-title42-sec7412
3547-04-4,DDE,CAA112(b),3547044,USCODE-2023-title42-sec7412
334-88-3,Diazomethane,CAA112(b),334883,USCODE-2023-title42-sec7412
132-64-9,Dibenzofurans,CAA112(b),132649,USCODE-2023-title42-sec7412
96-12-8,"1,2-Dibromo-3-chloropropane",CAA112(b),96128,USCODE-2023-title42-sec7412
84-74-2,Dibutylphthalate,CAA112(b),84742,USCODE-2023-title42-sec7412
106-46-7,"1,4-Dichlorobenzene(p)",CAA112(b),106467,USCODE-2023-title42-sec7412
91-94-1,"3,3-Dichlorobenzidene",CAA112(b),91941,USCODE-2023-title42-sec7412
111-44-4,Dichloroethyl ether (Bis(2-chloroethyl)ether),CAA112(b),111444,USCODE-2023-title42-sec7412
542-75-6,"1,3-Dichloropropene",CAA112(b),542756,USCODE-2023-title42-sec7412
62-73-7,Dichlorvos,CAA112(b),62737,USCODE-2023-title42-sec7412
111-42-2,Diethanolamine,CAA112(b),111422,USCODE-2023-title42-sec7412
121-69-7,"N,N-Diethyl aniline (N,N-Dimethylaniline)",CAA112(b),121697,USCODE-2023-title42-sec7412
64-67-5,Diethyl sulfate,CAA112(b),64675,USCODE-2023-title42-sec7412
119-90-4,"3,3-Dimethoxybenzidine",CAA112(b),119904,USCODE-2023-title42-sec7412
60-11-7,Dimethyl aminoazobenzene,CAA112(b),60117,USCODE-2023-title42-sec7412
119-93-7,"3,3&#8242;-Dimethyl benzidine",CAA112(b),119937,USCODE-2023-title42-sec7412
79-44-7,Dimethyl carbamoyl chloride,CAA112(b),79447,USCODE-2023-title42-sec7412
68-12-2,Dimethyl formamide,CAA112(b),68122,USCODE-2023-title42-sec7412
57-14-7,"1,1-Dimethyl hydrazine",CAA112(b),57147,USCODE-2023-title42-sec7412
131-11-3,Dimethyl phthalate,CAA112(b),131113,USCODE-2023-title42-sec7412
77-78-1,Dimethyl sulfate,CAA112(b),77781,USCODE-2023-title42-sec7412
534-52-1,"4,6-Dinitro-o-cresol, and salts",CAA112(b),534521,USCODE-2023-title42-sec7412
51-28-5,"2,4-Dinitrophenol",CAA112(b),51285,USCODE-2023-title42-sec7412
121-14-2,"2,4-Dinitrotoluene",CAA112(b),121142,USCODE-2023-title42-sec7412
123-91-1,"1,4-Dioxane (1,4-Diethyleneoxide)",CAA112(b),123911,USCODE-2023-title42-sec7412
122-66-7,"1,2-Diphenylhydrazine",CAA112(b),122667,USCODE-2023-title42-sec7412
106-89-8,"Epichlorohydrin (l-Chloro-2,3-epoxypropane)",CAA112(b),106898,USCODE-2023-title42-sec7412
106-88-7,"1,2-Epoxybutane",CAA112(b),106887,USCODE-2023-title42-sec7412
140-88-5,Ethyl acrylate,CAA112(b),140885,USCODE-2023-title42-sec7412
100-41-4,Ethyl benzene,CAA112(b),100414,USCODE-2023-title42-sec7412
51-79-6,Ethyl carbamate (Urethane),CAA112(b),51796,USCODE-2023-title42-sec7412
75-00-3,Ethyl chloride (Chloroethane),CAA112(b),75003,USCODE-2023-title42-sec7412
106-93-4,Ethylene dibromide (Dibromoethane),CAA112(b),106934,USCODE-2023-title42-sec7412
107-06-2,"Ethylene dichloride (1,2-Dichloroethane)",CAA112(b),107062,USCODE-2023-title42-sec7412
107-21-1,Ethylene glycol,CAA112(b),107211,USCODE-2023-title42-sec7412
151-56-4,Ethylene imine (Aziridine),CAA112(b),151564,USCODE-2023-title42-sec7412
75-21-8,Ethylene oxide,CAA112(b),75218,USCODE-2023-title42-sec7412
96-45-7,Ethylene thiourea,CAA112(b),96457,USCODE-2023-title42-sec7412
75-34-3,"Ethylidene dichloride (1,1-Dichloroethane)",CAA112(b),75343,USCODE-2023-title42-sec7412
50-00-0,Formaldehyde,CAA112(b),50000,USCODE-2023-title42-sec7412
76-44-8,Heptachlor,CAA112(b),76448,USCODE-2023-title42-sec7412
118-74-1,Hexachlorobenzene,CAA112(b),118741,USCODE-2023-title42-sec7412
87-68-3,Hexachlorobutadiene,CAA112(b),87683,USCODE-2023-title42-sec7412
77-47-4,Hexachlorocyclopentadiene,CAA112(b),77474,USCODE-2023-title42-sec7412
67-72-1,Hexachloroethane,CAA112(b),67721,USCODE-2023-title42-sec7412
822-06-0,"Hexamethylene-1,6-diisocyanate",CAA112(b),822060,USCODE-2023-title42-sec7412
680-31-9,Hexamethylphosphoramide,CAA112(b),680319,USCODE-2023-title42-sec7412
110-54-3,Hexane,CAA112(b),110543,USCODE-2023-title42-sec7412
302-01-2,Hydrazine,CAA112(b),302012,USCODE-2023-title42-sec7412
7647-01-0,Hydrochloric acid,CAA112(b),7647010,USCODE-2023-title42-sec7412
7664-39-3,Hydrogen fluoride (Hydrofluoric acid),CAA112(b),7664393,USCODE-2023-title42-sec7412
123-31-9,Hydroquinone,CAA112(b),123319,USCODE-2023-title42-sec7412
78-59-1,Isophorone,CAA112(b),78591,USCODE-2023-title42-sec7412
58-89-9,Lindane (all isomers),CAA112(b),58899,USCODE-2023-title42-sec7412
108-31-6,Maleic anhydride,CAA112(b),108316,USCODE-2023-title42-sec7412
67-56-1,Methanol,CAA112(b),67561,USCODE-2023-title42-sec7412
72-43-5,Methoxychlor,CAA112(b),72435,USCODE-2023-title42-sec7412
74-83-9,Methyl bromide (Bromomethane),CAA112(b),74839,USCODE-2023-title42-sec7412
74-87-3,Methyl chloride (Chloromethane),CAA112(b),74873,USCODE-2023-title42-sec7412
71-55-6,"Methyl chloroform (1,1,1-Trichloroethane)",CAA112(b),71556,USCODE-2023-title42-sec7412
78-93-3,Methyl ethyl ketone (2-Butanone),CAA112(b),78933,USCODE-2023-title42-sec7412
60-34-4,Methyl hydrazine,CAA112(b),60344,USCODE-2023-title42-sec7412
74-88-4,Methyl iodide (Iodomethane),CAA112(b),74884,USCODE-2023-title42-sec7412
108-10-1,Methyl isobutyl ketone (Hexone),CAA112(b),108101,USCODE-2023-title42-sec7412
624-83-9,Methyl isocyanate,CAA112(b),624839,USCODE-2023-title42-sec7412
80-62-6,Methyl methacrylate,CAA112(b),80626,USCODE-2023-title42-sec7412
1634-04-4,Methyl tert butyl ether,CAA112(b),1634044,USCODE-2023-title42-sec7412
101-14-4,"4,4-Methylene bis(2-chloroaniline)",CAA112(b),101144,USCODE-2023-title42-sec7412
75-09-2,Methylene chloride (Dichloromethane),CAA112(b),75092,USCODE-2023-title42-sec7412
101-68-8,Methylene diphenyl diisocyanate (MDI),CAA112(b),101688,USCODE-2023-title42-sec7412
101-77-9,"4,4&#8242;-Methylenedianiline",CAA112(b),101779,USCODE-2023-title42-sec7412
91-20-3,Naphthalene,CAA112(b),91203,USCODE-2023-title42-sec7412
98-95-3,Nitrobenzene,CAA112(b),98953,USCODE-2023-title42-sec7412
92-93-3,4-Nitrobiphenyl,CAA112(b),92933,USCODE-2023-title42-sec7412
100-02-7,4-Nitrophenol,CAA112(b),100027,USCODE-2023-title42-sec7412
79-46-9,2-Nitropropane,CAA112(b),79469,USCODE-2023-title42-sec7412
684-93-5,N-Nitroso-N-methylurea,CAA112(b),684935,USCODE-2023-title42-sec7412
62-75-9,N-Nitrosodimethylamine,CAA112(b),62759,USCODE-2023-title42-sec7412
59-89-2,N-Nitrosomorpholine,CAA112(b),59892,USCODE-2023-title42-sec7412
56-38-2,Parathion,CAA112(b),56382,USCODE-2023-title42-sec7412
82-68-8,Pentachloronitrobenzene (Quintobenzene),CAA112(b),82688,USCODE-2023-title42-sec7412
87-86-5,Pentachlorophenol,CAA112(b),87865,USCODE-2023-title42-sec7412
108-95-2,Phenol,CAA112(b),108952,USCODE-2023-title42-sec7412
106-50-3,p-Phenylenediamine,CAA112(b),106503,USCODE-2023-title42-sec7412
75-44-5,Phosgene,CAA112(b),75445,USCODE-2023-title42-sec7412
7803-51-2,Phosphine,CAA112(b),7803512,USCODE-2023-title42-sec7412
7723-14-0,Phosphorus,CAA112(b),7723140,USCODE-2023-title42-sec7412
85-44-9,Phthalic anhydride,CAA112(b),85449,USCODE-2023-title42-sec7412
1336-36-3,Polychlorinated biphenyls (Aroclors),CAA112(b),1336363,USCODE-2023-title42-sec7412
1120-71-4,"1,3-Propane sultone",CAA112(b),1120714,USCODE-2023-title42-sec7412
57-57-8,beta-Propiolactone,CAA112(b),57578,USCODE-2023-title42-sec7412
123-38-6,Propionaldehyde,CAA112(b),123386,USCODE-2023-title42-sec7412
114-26-1,Propoxur (Baygon),CAA112(b),114261,USCODE-2023-title42-sec7412
78-87-5,"Propylene dichloride (1,2-Dichloropropane)",CAA112(b),78875,USCODE-2023-title42-sec7412
75-56-9,Propylene oxide,CAA112(b),75569,USCODE-2023-title42-sec7412
75-55-8,"1,2-Propylenimine (2-Methyl aziridine)",CAA112(b),75558,USCODE-2023-title42-sec7412
91-22-5,Quinoline,CAA112(b),91225,USCODE-2023-title42-sec7412
106-51-4,Quinone,CAA112(b),106514,USCODE-2023-title42-sec7412
100-42-5,Styrene,CAA112(b),100425,USCODE-2023-title42-sec7412
96-09-3,Styrene oxide,CAA112(b),96093,USCODE-2023-title42-sec7412
1746-01-6,"2,3,7,8-Tetrachlorodibenzo-p-dioxin",CAA112(b),1746016,USCODE-2023-title42-sec7412
79-34-5,"1,1,2,2-Tetrachloroethane",CAA112(b),79345,USCODE-2023-title42-sec7412
127-18-4,Tetrachloroethylene (Perchloroethylene),CAA112(b),127184,USCODE-2023-title42-sec7412
7550-45-0,Titanium tetrachloride,CAA112(b),7550450,USCODE-2023-title42-sec7412
108-88-3,Toluene,CAA112(b),108883,USCODE-2023-title42-sec7412
95-80-7,"2,4-Toluene diamine",CAA112(b),95807,USCODE-2023-title42-sec7412
584-84-9,"2,4-Toluene diisocyanate",CAA112(b),584849,USCODE-2023-title42-sec7412
95-53-4,o-Toluidine,CAA112(b),95534,USCODE-2023-title42-sec7412
8001-35-2,Toxaphene (chlorinated camphene),CAA112(b),8001352,USCODE-2023-title42-sec7412
120-82-1,"1,2,4-Trichlorobenzene",CAA112(b),120821,USCODE-2023-title42-sec7412
79-00-5,"1,1,2-Trichloroethane",CAA112(b),79005,USCODE-2023-title42-sec7412
79-01-6,Trichloroethylene,CAA112(b),79016,USCODE-2023-title42-sec7412
95-95-4,"2,4,5-Trichlorophenol",CAA112(b),95954,USCODE-2023-title42-sec7412
88-06-2,"2,4,6-Trichlorophenol",CAA112(b),88062,USCODE-2023-title42-sec7412
121-44-8,Triethylamine,CAA112(b),121448,USCODE-2023-title42-sec7412
1582-09-8,Trifluralin,CAA112(b),1582098,USCODE-2023-title42-sec7412
540-84-1,"2,2,4-Trimethylpentane",CAA112(b),540841,USCODE-2023-title42-sec7412
108-05-4,Vinyl acetate,CAA112(b),108054,USCODE-2023-title42-sec7412
593-60-2,Vinyl bromide,CAA112(b),593602,USCODE-2023-title42-sec7412
75-01-4,Vinyl chloride,CAA112(b),75014,USCODE-2023-title42-sec7412
75-35-4,"Vinylidene chloride (1,1-Dichloroethylene)",CAA112(b),75354,USCODE-2023-title42-sec7412
1330-20-7,Xylenes (isomers and mixture),CAA112(b),1330207,USCODE-2023-title42-sec7412
95-47-6,o-Xylenes,CAA112(b),95476,USCODE-2023-title42-sec7412
108-38-3,m-Xylenes,CAA112(b),108383,USCODE-2023-title42-sec7412
106-42-3,p-Xylenes,CAA112(b),106423,USCODE-2023-title42-sec7412
