cas,iarc
100-00-5,2B
100-17-4,2B
100-40-3,2B
100-41-4,2B
100-42-5,2A
100-44-7,2A
100-75-4,2B
10026-24-1,2B
10043-92-2,1
10048-13-2,2B
10048-32-5,3
101-14-4,1
101-21-3,3
101-25-7,3
101-61-1,2B
101-68-8,3
101-77-9,2B
101-80-4,2B
101-90-6,2B
101043-37-2,2B
102-50-1,3
102-71-6,3
103-03-7,3
103-11-7,2B
103-23-1,3
103-33-3,3
103-90-2,3
10380-28-6,3
104-94-9,3
105-11-3,3
105-55-5,3
105-60-2,4
105-74-8,3
10540-29-1,1
105650-23-5,2B
105735-71-5,2B
10595-95-6,2B
10599-90-3,3
106-46-7,2B
106-47-8,2B
106-50-3,3
106-51-4,3
106-87-6,2B
106-88-7,2B
106-89-8,2A
106-93-4,2A
106-94-5,2B
106-99-0,1
107-02-8,3
107-05-1,3
107-06-2,2B
107-13-1,2B
107-14-2,3
107-30-2,1
1071-83-6,2A
1072-52-2,3
108-05-4,2B
108-10-1,2B
108-30-5,3
108-45-2,3
108-46-3,3
108-60-1,3
108-78-1,2B
108-88-3,3
108-94-1,3
108-95-2,3
108-99-6,3
109-99-9,2B
110-00-9,2B
110-57-6,3
110-86-1,2B
110-91-8,3
11056-06-7,1
111-42-2,2B
111-44-4,3
111-76-2,3
111025-46-8,2A
111189-32-3,3
1116-54-7,2B
1120-71-4,2A
1143-38-0,3
115-02-6,2B
115-07-1,3
115-28-6,2B
115-32-2,3
115-96-8,3
116-06-3,3
116-14-3,2A
1163-19-5,3
116355-83-0,2B
117-10-2,2B
117-39-5,3
117-79-3,3
117-81-7,2B
118-74-1,2B
118-92-3,3
118-96-7,3
118399-22-7,3
119-34-6,3
119-61-9,2B
119-90-4,2B
119-93-7,2B
120-12-7,3
120-58-1,3
120-71-8,2B
120-80-9,2B
12001-28-4,1
12001-29-5,1
12001-79-5,3
12070-12-1,2A
121-14-2,2B
121-66-4,3
121-69-7,3
121-75-5,2A
121-88-0,3
12122-67-7,3
12172-73-5,1
12174-11-7,2B
12192-57-3,3
122-34-9,3
122-42-9,3
122-60-1,2B
122320-73-4,3
123-31-9,3
123-33-1,3
123-35-3,2B
123-91-1,2B
124-48-1,3
124-58-3,2B
12427-38-2,3
125-33-7,2B
126-07-8,2B
126-72-7,2A
126-85-2,2B
126-99-8,2B
12663-46-6,3
127-07-1,3
127-18-4,2A
127-69-5,2B
128-37-0,3
128-66-5,3
129-00-0,3
129-15-7,2B
129-17-9,3
129-20-4,3
129-43-1,2B
13010-47-4,2A
13045-94-8,3
1309-37-1,3
1309-64-4,2B
131-79-3,3
1313-27-5,2B
1314-62-1,2B
1317-60-8,3
1318-02-1,3
132-27-4,2B
132-65-0,3
13233-32-4,1
13256-22-9,2B
13292-46-1,3
133-06-2,3
1330-20-7,3
1332-21-4,1
1333-86-4,2B
1336-36-3,1
1338-16-5,3
134-32-7,3
1345-04-6,3
13463-67-7,2B
13483-18-6,3
135-88-6,3
136-40-3,2B
137-17-7,3
137-26-8,3
137-30-4,3
138-59-0,3
139-05-9,3
139-13-9,2B
139-65-1,2B
139-94-6,3
13909-09-6,1
13982-63-3,1
13983-17-0,3
140-11-4,3
140-56-7,3
140-57-8,2B
140-88-5,2B
1401-55-4,3
1402-68-2,1
14047-09-7,2A
141-32-2,3
141-37-7,3
141-90-2,2B
142-83-6,2B
143-50-0,2B
143-67-9,3
144-34-3,3
14484-64-1,3
14596-37-3,1
148-18-5,3
148-24-3,3
148-82-3,1
14807-96-6,2B
14808-60-7,1
149-29-1,3
149-30-4,2A
14901-08-7,2B
150-13-0,3
150-68-5,3
150-69-6,3
15086-94-9,3
151-56-4,2B
15262-20-1,1
154-93-8,2A
15501-74-3,3
15503-86-3,3
156-10-5,3
156-51-4,3
15625-89-5,2B
15663-27-1,1
15721-02-5,3
1582-09-8,3
16065-83-1,3
1615-80-1,2B
1634-04-4,3
16543-55-8,1
16568-02-8,3
1675-54-3,3
1689-82-3,3
1694-09-3,2B
16984-48-8,3
1705-85-7,3
1706-01-0,3
17117-34-9,2B
1746-01-6,1
1836-75-5,2B
18540-29-9,1
18883-66-4,2B
189-55-9,2B
189-64-0,2B
1897-45-6,2B
191-07-1,3
191-24-2,3
191-26-4,3
191-30-0,2A
1912-24-9,3
1918-02-1,3
192-47-2,3
192-51-8,3
192-65-4,3
192-97-2,3
193-09-9,3
193-39-5,2B
1936-15-8,3
194-59-2,2B
195-19-7,2B
1954-28-5,3
196-78-1,3
198-55-0,3
20073-24-9,3
202-33-5,2B
202-94-8,3
202-98-2,3
20268-51-3,3
203-12-3,3
203-20-3,3
203-33-8,3
205-12-9,3
205-82-3,2B
205-99-2,2B
20589-63-3,3
206-44-0,3
2068-78-2,3
207-08-9,2B
207-83-0,3
20830-75-5,2B
20830-81-3,2B
20941-65-5,3
211-91-6,3
21259-20-1,3
213-46-7,3
214-17-5,3
215-58-7,3
2164-17-2,3
2168-68-5,3
217-59-4,3
218-01-9,2B
21884-44-6,3
22248-79-9,2B
22349-59-3,3
22398-80-7,2A
224-41-9,3
224-42-0,2A
224-53-3,2B
2243-62-1,3
225-11-6,3
225-51-4,3
22506-53-2,2B
22571-95-5,3
226-36-8,2B
22966-79-6,3
22975-76-4,3
2303-16-4,3
2318-18-5,3
23214-92-8,2A
23246-96-0,2B
23255-93-8,3
2353-45-9,3
23537-16-8,3
23746-34-1,3
238-84-6,3
2385-85-5,2B
2386-90-5,3
239-35-0,3
2425-06-1,2A
2425-85-6,3
2429-74-5,2B
243-17-4,3
2432-99-7,3
24560-98-3,3
2475-45-8,2B
24938-64-5,3
25013-15-4,3
25013-16-5,2B
25038-54-4,3
25732-74-5,3
25812-30-0,3
25962-77-0,2B
26148-68-5,2B
262-12-4,3
26308-28-1,3
2646-17-5,2B
26471-62-5,2B
26782-43-4,3
271-89-6,2B
27208-37-3,2A
2757-90-6,3
2783-94-0,3
2784-94-3,2B
2832-40-8,3
2835-39-4,3
28434-86-8,2B
2871-01-4,3
29069-24-7,3
29291-35-8,3
2955-38-6,3
2973-10-6,2B
29767-20-2,2A
298-00-0,3
298-81-7,1
299-75-2,1
29975-16-4,3
3018-12-0,3
302-01-2,2A
302-17-0,2A
303-34-4,2B
303-47-9,2B
30310-80-6,3
305-03-3,1
30516-87-1,2B
3068-88-0,2B
308068-56-6,2B
308076-74-6,2B
309-00-2,2A
3118-97-6,3
313-67-7,1
314-13-6,3
315-18-4,3
315-22-0,2B
3173-72-6,3
320-67-2,2A
3252-43-5,2B
3296-90-0,2B
331-39-5,2B
33229-34-4,3
333-41-5,2A
334-88-3,3
33419-42-0,1
335-67-1,2B
3351-28-8,3
3351-30-2,3
3351-31-3,3
3351-32-4,3
33543-31-6,3
3564-09-8,2B
3567-69-9,3
3570-75-0,2B
366-70-1,2A
3688-53-7,2B
3697-24-3,2B
37319-17-8,2B
3761-53-3,2B
37620-20-5,3
3771-19-5,2B
3778-73-2,3
3795-88-8,2B
3844-45-9,3
38571-73-2,3
3902-71-4,3
396-01-0,2B
4063-41-6,3
40762-15-0,3
409-21-2,2A
4170-30-3,3
420-12-2,3
42397-64-8,2B
42397-65-9,2B
4342-03-4,2B
439-14-5,3
443-48-1,2B
446-86-6,1
4548-53-2,3
4549-40-0,2B
4657-93-6,3
4680-78-8,3
480-54-6,3
480-81-9,3
484-20-8,2A
492-17-1,3
492-80-8,2B
493-52-7,3
494-03-1,1
494-38-2,3
50-00-0,1
50-06-6,2B
50-07-7,2B
50-18-0,1
50-29-3,2A
50-32-8,1
50-33-9,3
50-41-9,3
50-44-2,3
50-55-5,3
50-76-0,3
501-30-4,3
505-60-2,1
509-14-8,2B
50926-11-9,2B
51-02-5,3
51-03-6,3
51-18-3,3
51-21-8,3
51-52-5,2B
51-75-2,2A
51-79-6,2A
510-15-6,3
51264-14-3,2B
513-37-1,2B
5131-60-2,3
5141-20-8,3
51481-61-9,3
5160-02-1,3
51630-58-1,3
518-75-2,3
52-01-7,3
52-24-4,1
52-46-0,3
52-68-6,3
520-18-3,3
523-44-4,3
523-50-2,3
52645-53-1,3
52918-63-5,3
53-03-2,3
53-70-3,2A
5307-14-2,3
531-76-0,2B
531-82-8,2B
532-82-1,3
536-33-4,3
5385-75-1,3
53973-98-1,2B
54-05-7,3
54-31-9,3
54-85-3,3
540-73-8,2A
541-73-1,3
542-56-3,2B
542-75-6,2B
542-78-9,3
542-88-1,1
5431-33-4,3
545-06-2,3
545-55-1,3
5456-28-0,3
54749-90-5,2A
55-18-5,2A
55-98-1,1
551-74-6,3
5522-43-0,2A
555-84-0,2B
55557-01-2,3
55557-02-3,3
556-52-5,2A
5589-96-8,2B
56-04-2,2B
56-23-5,2B
56-25-7,3
56-38-2,2B
56-53-1,1
56-55-3,2B
56-75-7,2A
562-10-7,3
563-41-7,3
563-47-3,2B
56894-91-8,3
569-61-9,2B
57-06-7,3
57-14-7,2B
57-39-6,3
57-41-0,2B
57-57-8,2B
57-68-1,3
57-74-9,2B
57-88-5,3
57018-52-7,2B
57117-31-4,1
57465-28-8,1
57835-92-4,2B
58-08-2,3
58-14-0,3
58-55-9,3
58-89-9,1
58-93-5,2B
581-89-5,3
59-05-2,3
59-87-0,3
59-89-2,2B
592-62-1,2B
59277-89-3,3
593-60-2,2A
593-70-4,3
59536-65-1,2A
598-55-0,3
59820-43-8,3
59865-13-3,1
5989-27-5,3
599-79-1,2B
60-09-3,2B
60-11-7,2B
60-35-5,2B
60-56-0,3
60-57-1,2A
60102-37-6,3
60153-49-3,2B
602-60-8,3
602-87-9,2B
604-75-1,2B
6055-19-2,1
606-20-2,2B
607-57-8,2B
609-20-1,3
61-57-4,2B
61-82-5,3
611-06-3,2B
613-35-4,2B
615-05-4,2B
615-28-1,2B
615-53-2,2B
6164-98-3,3
618-85-9,3
62-44-2,1
62-50-0,2B
62-53-3,3
62-55-5,2B
62-56-6,3
62-73-7,2B
62-75-9,2A
621-64-7,2B
62450-06-0,2B
62450-07-1,2B
627-12-3,3
63-25-2,3
63-92-3,2B
630-20-6,2B
63041-90-7,3
631-64-1,2B
632-99-5,2B
6358-53-8,2B
6368-72-5,3
637-07-0,3
6373-74-6,3
64-17-5,1
64-67-5,2A
64091-91-4,1
641-48-5,3
6416-57-5,3
64436-13-1,3
6459-94-5,2B
64741-56-6,2B
64742-93-4,2A
65271-80-9,2B
65996-93-2,1
66-27-3,2A
66-75-1,2B
66733-21-9,1
67-20-9,3
67-45-8,3
67-63-0,3
67-66-3,2B
67-72-1,2B
67730-10-3,2B
67730-11-4,2B
68-12-2,2A
68-76-8,3
680-31-9,2B
68006-83-7,2B
68308-34-9,1
684-93-5,2A
68603-42-9,2B
6870-67-3,3
69-53-4,3
693-98-1,2B
69655-05-6,3
70-25-7,2A
70-30-4,3
7099-43-6,3
71-43-2,1
71-55-6,3
71-58-9,2B
712-68-5,2B
71267-22-6,3
72-20-8,3
72-43-5,3
72-57-1,2B
7220-79-3,3
723-46-6,3
73459-03-7,3
74-83-9,3
74-85-1,3
74-87-3,3
74-88-4,3
74-96-4,3
7439-92-1,2B
7439-97-6,3
7440-02-0,2B
7440-07-5,1
7440-29-1,1
7440-38-2,1
7440-41-7,1
7440-43-9,1
7440-47-3,3
7440-48-4,2A
7446-09-5,3
7460-84-6,3
7481-89-2,2B
7496-02-8,2A
75-00-3,3
75-01-4,1
75-02-5,2A
75-07-0,1
75-09-2,2A
75-21-8,1
75-25-2,3
75-27-4,2B
75-35-4,2B
75-38-7,3
75-45-6,3
75-52-5,2B
75-55-8,2B
75-56-9,2B
75-60-5,2B
75-87-6,2A
75-88-7,3
7519-36-0,3
75321-20-9,2B
7572-29-4,3
759-73-9,2A
76-01-7,3
76-03-9,2B
76-44-8,2B
76180-96-6,2A
7631-86-9,3
7647-01-0,3
765-34-4,2B
77-09-8,2B
77-78-1,2A
77094-11-2,2B
7722-84-1,3
77439-76-0,2B
77500-04-0,2B
77536-66-4,1
77536-67-5,1
77536-68-6,1
7758-01-2,2B
7758-19-2,3
7782-49-2,3
78-79-5,2B
78-87-5,1
78-98-8,3
789-07-1,3
79-00-5,3
79-01-6,1
79-06-1,2A
79-10-7,3
79-34-5,2B
79-43-6,2B
79-44-7,2A
79-46-9,2B
79-94-7,2A
79217-60-0,1
794-93-4,2B
80-08-0,3
80-62-6,3
800-24-8,3
8001-35-2,2B
8001-50-1,3
8001-58-9,2A
8002-05-9,3
8007-45-2,1
8018-07-3,3
804-36-4,3
8047-67-4,3
8052-42-4,2B
81-07-2,3
81-15-2,3
81-49-2,2B
81-88-9,3
817-09-4,2B
82-28-0,3
82-68-8,3
822-36-6,2B
82413-20-5,3
828-00-2,3
83-32-9,3
83-63-6,3
83-66-9,3
83-67-0,3
832-69-9,3
83463-62-1,3
838-88-0,2B
84-65-1,2B
842-07-9,3
846-50-4,3
85-01-8,3
85-68-7,3
85-83-6,3
85-84-7,3
85-86-9,3
85502-23-4,3
85878-62-2,3
85878-63-3,3
86-30-6,3
86-54-4,3
86-57-7,3
86-73-7,3
86-74-8,2B
86-88-4,3
868-85-9,3
87-29-6,3
87-62-7,2B
87-68-3,3
87-86-5,1
87625-62-5,3
88-05-1,3
88-06-2,2B
88-12-0,3
88-72-2,2A
88-73-3,2B
89-61-2,2B
89-82-7,2B
892-21-7,3
89778-26-7,3
90-04-0,2B
90-43-7,3
90-65-3,3
90-94-8,2B
9000-07-1,3
9000-38-8,2B
9002-84-0,3
9002-86-2,3
9002-88-4,3
9002-89-5,3
9003-01-4,3
9003-07-0,3
9003-20-7,3
9003-22-9,3
9003-39-8,3
9003-53-6,3
9003-54-7,3
9003-55-8,3
9004-51-7,3
9004-66-4,2B
90045-36-6,2B
9009-54-5,3
9010-98-4,3
9011-06-7,3
9011-14-7,3
9016-87-9,3
90370-29-9,3
90456-67-0,3
91-20-3,2B
91-22-5,2B
91-23-6,2B
91-59-8,1
91-64-5,3
91-93-0,3
91-94-1,2B
915-67-3,3
92-67-1,1
92-87-5,1
92-93-3,3
924-16-3,2B
924-42-5,3
93-15-2,2B
930-55-2,2B
94-36-0,3
94-58-6,2B
94-59-7,2B
94-75-7,2B
95-06-7,2B
95-50-1,3
95-53-4,1
95-54-5,2B
95-68-1,3
95-69-2,2A
95-70-5,3
95-78-3,3
95-79-4,3
95-80-7,2B
95-83-0,2B
95-85-2,2B
96-09-3,2A
96-12-8,2B
96-13-9,2B
96-18-4,2A
96-23-1,2B
96-24-2,2B
96-33-3,2B
96-45-7,3
96-48-0,3
97-53-0,3
97-56-3,2B
97-77-8,3
98-00-0,2B
98-01-1,3
98-07-7,2A
98-82-8,2B
98-83-9,2B
98-87-3,2A
98-88-4,2A
98-95-3,2B
989-38-8,3
99-08-1,3
99-55-8,3
99-56-9,3
99-57-0,3
99-59-2,3
99-80-9,3
99-97-8,2B
99-99-0,3
