cas,odp,gwp100_ar6,gwp100_fallback,species_key,source,notes
10024-97-2,0.0,273.0,273.0,Nitrous oxide,IPCC Ch.7 metrics + Montreal Protocol (openclimatedata) + AR6 7.SM.7 (openclimatedata),species_key=n2o; ODP inferred 0 (CH4/N2O)
102687-65-0,,,3.88,"(e)-1-chloro-3,3,3-trifluoroprop-1-ene",IPCC Ch.7 metrics + Montreal Protocol (openclimatedata) + AR6 7.SM.7 (openclimatedata),gwp100_ar6 from openclimate missing; gwp100_fallback used where applicable; GWP100 from fallback (Montreal/IPCC file/EPA AR5)
106-93-4,,,1.02,"1,2-dibromoethane",IPCC Ch.7 metrics + Montreal Protocol (openclimatedata) + AR6 7.SM.7 (openclimatedata),gwp100_ar6 from openclimate missing; gwp100_fallback used where applicable; GWP100 from fallback (Montreal/IPCC file/EPA AR5)
106-94-5,,,0.052,1-bromopropane,IPCC Ch.7 metrics + Montreal Protocol (openclimatedata) + AR6 7.SM.7 (openclimatedata),gwp100_ar6 from openclimate missing; gwp100_fallback used where applicable; GWP100 from fallback (Montreal/IPCC file/EPA AR5)
106-97-8,,,0.006,Butane,IPCC Ch.7 metrics + Montreal Protocol (openclimatedata) + AR6 7.SM.7 (openclimatedata),gwp100_ar6 from openclimate missing; gwp100_fallback used where applicable; GWP100 from fallback (Montreal/IPCC file/EPA AR5)
107-06-2,,,1.3,"1,2-dichloroethane",IPCC Ch.7 metrics + Montreal Protocol (openclimatedata) + AR6 7.SM.7 (openclimatedata),gwp100_ar6 from openclimate missing; gwp100_fallback used where applicable; GWP100 from fallback (Montreal/IPCC file/EPA AR5)
107-46-0,,,0.476,Hexamethyldisiloxane,IPCC Ch.7 metrics + Montreal Protocol (openclimatedata) + AR6 7.SM.7 (openclimatedata),gwp100_ar6 from openclimate missing; gwp100_fallback used where applicable; GWP100 from fallback (Montreal/IPCC file/EPA AR5)
107-51-7,,,0.325,Octamethyltrisiloxane,IPCC Ch.7 metrics + Montreal Protocol (openclimatedata) + AR6 7.SM.7 (openclimatedata),gwp100_ar6 from openclimate missing; gwp100_fallback used where applicable; GWP100 from fallback (Montreal/IPCC file/EPA AR5)
109-69-3,,,0.007,1-chlorobutane,IPCC Ch.7 metrics + Montreal Protocol (openclimatedata) + AR6 7.SM.7 (openclimatedata),gwp100_ar6 from openclimate missing; gwp100_fallback used where applicable; GWP100 from fallback (Montreal/IPCC file/EPA AR5)
109-75-1,,,0.0,3-butenenitrile,IPCC Ch.7 metrics + Montreal Protocol (openclimatedata) + AR6 7.SM.7 (openclimatedata),gwp100_ar6 from openclimate missing; gwp100_fallback used where applicable; GWP100 from fallback (Montreal/IPCC file/EPA AR5)
110-75-8,,,0.0,1-chloro-2-ethenoxyethane,IPCC Ch.7 metrics + Montreal Protocol (openclimatedata) + AR6 7.SM.7 (openclimatedata),gwp100_ar6 from openclimate missing; gwp100_fallback used where applicable; GWP100 from fallback (Montreal/IPCC file/EPA AR5)
115-25-3,,,10200.0,Octafluorocyclobutane,IPCC Ch.7 metrics + Montreal Protocol (openclimatedata) + AR6 7.SM.7 (openclimatedata),gwp100_ar6 from openclimate missing; gwp100_fallback used where applicable; GWP100 from fallback (Montreal/IPCC file/EPA AR5)
116-14-3,,,0.004,"1,1,2,2-tetrafluoroethene",IPCC Ch.7 metrics + Montreal Protocol (openclimatedata) + AR6 7.SM.7 (openclimatedata),gwp100_ar6 from openclimate missing; gwp100_fallback used where applicable; GWP100 from fallback (Montreal/IPCC file/EPA AR5)
116-15-4,0.0,,0.09,"1,1,2,3,3,3-hexafluoroprop-1-ene",IPCC Ch.7 metrics + Montreal Protocol (openclimatedata) + AR6 7.SM.7 (openclimatedata),gwp100_ar6 from openclimate missing; gwp100_fallback used where applicable; ODP inferred 0 (low-ODP fluorinated species); GWP100 from fallback (Montreal/IPCC file/EPA AR5)
1187-93-5,,,0.01,"1,1,2-trifluoro-2-(trifluoromethoxy)ethene",IPCC Ch.7 metrics + Montreal Protocol (openclimatedata) + AR6 7.SM.7 (openclimatedata),gwp100_ar6 from openclimate missing; gwp100_fallback used where applicable; GWP100 from fallback (Montreal/IPCC file/EPA AR5)
123768-18-3,0.0,,120.0,"1,1,2,2,3,3-hexafluorocyclopentane",IPCC Ch.7 metrics + Montreal Protocol (openclimatedata) + AR6 7.SM.7 (openclimatedata),gwp100_ar6 from openclimate missing; gwp100_fallback used where applicable; ODP inferred 0 (low-ODP fluorinated species); GWP100 from fallback (Montreal/IPCC file/EPA AR5)
124-72-1,0.0,,201.0,"2-bromo-1,1,1,2-tetrafluoroethane",IPCC Ch.7 metrics + Montreal Protocol (openclimatedata) + AR6 7.SM.7 (openclimatedata),gwp100_ar6 from openclimate missing; gwp100_fallback used where applicable; ODP inferred 0 (low-ODP fluorinated species); GWP100 from fallback (Montreal/IPCC file/EPA AR5)
124-73-2,6.0,2170.0,2170.0,"1,2-dibromo-1,1,2,2-tetrafluoroethane",IPCC Ch.7 metrics + Montreal Protocol (openclimatedata) + AR6 7.SM.7 (openclimatedata); EPA HTML,Montreal label_key=halon2402; species_key=halon2402
127-18-4,,,6.34,"1,1,2,2-tetrachloroethene",IPCC Ch.7 metrics + Montreal Protocol (openclimatedata) + AR6 7.SM.7 (openclimatedata),gwp100_ar6 from openclimate missing; gwp100_fallback used where applicable; GWP100 from fallback (Montreal/IPCC file/EPA AR5)
1309353-34-1,0.0,10300.0,10300.0,"1-(difluoro(trifluoromethoxy)methoxy)-1,1,2,3,3,3-hexafluoro-2-(trifluoromethoxy)propane",IPCC Ch.7 metrics + Montreal Protocol (openclimatedata) + AR6 7.SM.7 (openclimatedata),species_key=pfpmie; ODP inferred 0 (low-ODP fluorinated species)
13171-18-1,0.0,,8.13,"1,1,1,3,3,3-hexafluoro-2-methoxypropane",IPCC Ch.7 metrics + Montreal Protocol (openclimatedata) + AR6 7.SM.7 (openclimatedata),gwp100_ar6 from openclimate missing; gwp100_fallback used where applicable; ODP inferred 0 (low-ODP fluorinated species); GWP100 from fallback (Montreal/IPCC file/EPA AR5)
132182-92-4,,,405.0,"1,1,1,2,2,3,4,5,5,5-decafluoro-3-methoxy-4-(trifluoromethyl)pentane",IPCC Ch.7 metrics + Montreal Protocol (openclimatedata) + AR6 7.SM.7 (openclimatedata),gwp100_ar6 from openclimate missing; gwp100_fallback used where applicable; GWP100 from fallback (Montreal/IPCC file/EPA AR5)
134769-21-4,,3770.0,3770.0,"1,1,1,2,2-pentafluoro-2-(1,1,2,2-tetrafluoroethoxy)ethane",IPCC Ch.7 metrics + Montreal Protocol (openclimatedata) + AR6 7.SM.7 (openclimatedata),species_key=hfe329mcc2
13838-16-9,0.0,,654.0,"2-chloro-1-(difluoromethoxy)-1,1,2-trifluoroethane",IPCC Ch.7 metrics + Montreal Protocol (openclimatedata) + AR6 7.SM.7 (openclimatedata),gwp100_ar6 from openclimate missing; gwp100_fallback used where applicable; ODP inferred 0 (low-ODP fluorinated species); GWP100 from fallback (Montreal/IPCC file/EPA AR5)
138495-42-8,,1600.0,1640.0,"1,1,1,2,2,3,4,5,5,5-decafluoropentane",IPCC Ch.7 metrics + Montreal Protocol (openclimatedata) + AR6 7.SM.7 (openclimatedata),species_key=hfc4310mee
141-62-8,,,0.176,Decamethyltetrasiloxane,IPCC Ch.7 metrics + Montreal Protocol (openclimatedata) + AR6 7.SM.7 (openclimatedata),gwp100_ar6 from openclimate missing; gwp100_fallback used where applicable; GWP100 from fallback (Montreal/IPCC file/EPA AR5)
141-63-9,,,0.122,Dodecamethylpentasiloxane,IPCC Ch.7 metrics + Montreal Protocol (openclimatedata) + AR6 7.SM.7 (openclimatedata),gwp100_ar6 from openclimate missing; gwp100_fallback used where applicable; GWP100 from fallback (Montreal/IPCC file/EPA AR5)
14149-41-8,,,8.22,"(e)-1,3,4,4,4-pentafluoro-3-(trifluoromethyl)but-1-ene",IPCC Ch.7 metrics + Montreal Protocol (openclimatedata) + AR6 7.SM.7 (openclimatedata),gwp100_ar6 from openclimate missing; gwp100_fallback used where applicable; GWP100 from fallback (Montreal/IPCC file/EPA AR5)
151-67-7,0.0,,45.0,"2-bromo-2-chloro-1,1,1-trifluoroethane",IPCC Ch.7 metrics + Montreal Protocol (openclimatedata) + AR6 7.SM.7 (openclimatedata),gwp100_ar6 from openclimate missing; gwp100_fallback used where applicable; ODP inferred 0 (low-ODP fluorinated species); GWP100 from fallback (Montreal/IPCC file/EPA AR5)
1511-62-2,,380.0,380.0,Bromodifluoromethane,IPCC Ch.7 metrics + Montreal Protocol (openclimatedata) + AR6 7.SM.7 (openclimatedata),species_key=halon1201
15290-77-4,,,231.0,"1,1,2,2,3,3,4-heptafluorocyclopentane",IPCC Ch.7 metrics + Montreal Protocol (openclimatedata) + AR6 7.SM.7 (openclimatedata),gwp100_ar6 from openclimate missing; gwp100_fallback used where applicable; GWP100 from fallback (Montreal/IPCC file/EPA AR5)
156053-88-2,,1040.0,1040.0,"1,1,1,2,2-pentafluoro-2-(2,2,2-trifluoroethoxy)ethane",IPCC Ch.7 metrics + Montreal Protocol (openclimatedata) + AR6 7.SM.7 (openclimatedata),species_key=hfe338mcf2
158389-18-5,,,258.0,"(4s,5s)-1,1,2,2,3,3,4,5-octafluorocyclopentane",IPCC Ch.7 metrics + Montreal Protocol (openclimatedata) + AR6 7.SM.7 (openclimatedata),gwp100_ar6 from openclimate missing; gwp100_fallback used where applicable; GWP100 from fallback (Montreal/IPCC file/EPA AR5)
160620-20-2,0.0,277.0,277.0,"1,1,2,2,3,3-hexafluoro-1-methoxypropane",IPCC Ch.7 metrics + Montreal Protocol (openclimatedata) + AR6 7.SM.7 (openclimatedata),species_key=hfe356pcc3; ODP inferred 0 (low-ODP fluorinated species)
163702-05-4,0.0,60.7,60.7,"1-ethoxy-1,1,2,2,3,3,4,4,4-nonafluorobutane",IPCC Ch.7 metrics + Montreal Protocol (openclimatedata) + AR6 7.SM.7 (openclimatedata),species_key=hfe569sf2; ODP inferred 0 (low-ODP fluorinated species)
163702-06-5,0.0,,34.3,"1-ethoxy-1,1,2,3,3,3-hexafluoro-2-(trifluoromethyl)propane",IPCC Ch.7 metrics + Montreal Protocol (openclimatedata) + AR6 7.SM.7 (openclimatedata),gwp100_ar6 from openclimate missing; gwp100_fallback used where applicable; ODP inferred 0 (low-ODP fluorinated species); GWP100 from fallback (Montreal/IPCC file/EPA AR5)
163702-07-6,,,544.0,"1,1,1,2,2,3,3,4,4-nonafluoro-4-methoxybutane",IPCC Ch.7 metrics + Montreal Protocol (openclimatedata) + AR6 7.SM.7 (openclimatedata),gwp100_ar6 from openclimate missing; gwp100_fallback used where applicable; GWP100 from fallback (Montreal/IPCC file/EPA AR5)
163702-08-7,0.0,,437.0,"2-(difluoromethoxymethyl)-1,1,1,2,3,3,3-heptafluoropropane",IPCC Ch.7 metrics + Montreal Protocol (openclimatedata) + AR6 7.SM.7 (openclimatedata),gwp100_ar6 from openclimate missing; gwp100_fallback used where applicable; ODP inferred 0 (low-ODP fluorinated species); GWP100 from fallback (Montreal/IPCC file/EPA AR5)
16621-87-7,,,13.6,"2,2,3,3,4,4,5,5-octafluorocyclopentan-1-ol",IPCC Ch.7 metrics + Montreal Protocol (openclimatedata) + AR6 7.SM.7 (openclimatedata),gwp100_ar6 from openclimate missing; gwp100_fallback used where applicable; GWP100 from fallback (Montreal/IPCC file/EPA AR5)
1691-17-4,,6630.0,6630.0,Difluoromethoxy(difluoro)methane,IPCC Ch.7 metrics + Montreal Protocol (openclimatedata) + AR6 7.SM.7 (openclimatedata),species_key=hfe134
171182-95-9,0.0,963.0,963.0,"1-(2,2-difluoroethoxy)-1,1,2,2,2-pentafluoroethane",IPCC Ch.7 metrics + Montreal Protocol (openclimatedata) + AR6 7.SM.7 (openclimatedata),species_key=hfe347mcf2; ODP inferred 0 (low-ODP fluorinated species)
1717-00-6,0.11,860.0,725.0,"1,1-dichloro-1-fluoroethane",IPCC Ch.7 metrics + Montreal Protocol (openclimatedata) + AR6 7.SM.7 (openclimatedata); EPA HTML,Montreal label_key=hcfc141b; species_key=hcfc141b
173350-37-3,,,5350.0,"1,1,3,3,4,4,6,6,7,7,9,9,10,10,12,12-hexadecafluoro-2,5,8,11-tetraoxadodecane",IPCC Ch.7 metrics + Montreal Protocol (openclimatedata) + AR6 7.SM.7 (openclimatedata),gwp100_ar6 from openclimate missing; gwp100_fallback used where applicable; GWP100 from fallback (Montreal/IPCC file/EPA AR5)
173350-38-4,,,4380.0,173350-38-4,IPCC Ch.7 metrics + Montreal Protocol (openclimatedata) + AR6 7.SM.7 (openclimatedata),gwp100_ar6 from openclimate missing; gwp100_fallback used where applicable; GWP100 from fallback (Montreal/IPCC file/EPA AR5)
1814-88-6,0.0,,4550.0,"1,1,1,2,2-pentafluoropropane",IPCC Ch.7 metrics + Montreal Protocol (openclimatedata) + AR6 7.SM.7 (openclimatedata),gwp100_ar6 from openclimate missing; gwp100_fallback used where applicable; ODP inferred 0 (low-ODP fluorinated species); GWP100 from fallback (Montreal/IPCC file/EPA AR5)
1842-05-3,0.0,,342.0,"1,1-dichloro-1,2-difluoroethane",IPCC Ch.7 metrics + Montreal Protocol (openclimatedata) + AR6 7.SM.7 (openclimatedata),gwp100_ar6 from openclimate missing; gwp100_fallback used where applicable; ODP inferred 0 (low-ODP fluorinated species); GWP100 from fallback (Montreal/IPCC file/EPA AR5)
185689-57-0,,,0.533,"3,3,4,4,5,5,6,6,7,7,7-undecafluoroheptan-1-ol",IPCC Ch.7 metrics + Montreal Protocol (openclimatedata) + AR6 7.SM.7 (openclimatedata),gwp100_ar6 from openclimate missing; gwp100_fallback used where applicable; GWP100 from fallback (Montreal/IPCC file/EPA AR5)
1885-48-9,0.0,878.0,878.0,"2-(difluoromethoxy)-1,1,1-trifluoroethane",IPCC Ch.7 metrics + Montreal Protocol (openclimatedata) + AR6 7.SM.7 (openclimatedata),species_key=hfe245fa2; ODP inferred 0 (low-ODP fluorinated species)
188690-77-9,0.0,3220.0,3220.0,"1-(difluoromethoxy)-2-[difluoromethoxy(difluoro)methoxy]-1,1,2,2-tetrafluoroethane",IPCC Ch.7 metrics + Montreal Protocol (openclimatedata) + AR6 7.SM.7 (openclimatedata),species_key=hfe4310pccc124; ODP inferred 0 (low-ODP fluorinated species)
188690-78-0,0.0,3320.0,3320.0,"1,2-bis(difluoromethoxy)-1,1,2,2-tetrafluoroethane",IPCC Ch.7 metrics + Montreal Protocol (openclimatedata) + AR6 7.SM.7 (openclimatedata),species_key=hfe338pcc13; ODP inferred 0 (low-ODP fluorinated species)
1892-03-1,,,45.1,"1,3,3,4,4,5,5-heptafluorocyclopentene",IPCC Ch.7 metrics + Montreal Protocol (openclimatedata) + AR6 7.SM.7 (openclimatedata),gwp100_ar6 from openclimate missing; gwp100_fallback used where applicable; GWP100 from fallback (Montreal/IPCC file/EPA AR5)
19430-93-4,,,0.204,"3,3,4,4,5,5,6,6,6-nonafluorohex-1-ene",IPCC Ch.7 metrics + Montreal Protocol (openclimatedata) + AR6 7.SM.7 (openclimatedata),gwp100_ar6 from openclimate missing; gwp100_fallback used where applicable; GWP100 from fallback (Montreal/IPCC file/EPA AR5)
20193-67-3,,1100.0,1100.0,"1,1,1-trifluoro-2-(trifluoromethoxy)ethane",IPCC Ch.7 metrics + Montreal Protocol (openclimatedata) + AR6 7.SM.7 (openclimatedata),species_key=hfe236fa
205367-61-9,0.0,,5730.0,"1-(difluoromethoxy)-2-[2-(difluoromethoxy)-1,1,2,2-tetrafluoroethoxy]-1,1,2,2-tetrafluoroethane",IPCC Ch.7 metrics + Montreal Protocol (openclimatedata) + AR6 7.SM.7 (openclimatedata),gwp100_ar6 from openclimate missing; gwp100_fallback used where applicable; ODP inferred 0 (low-ODP fluorinated species); GWP100 from fallback (Montreal/IPCC file/EPA AR5)
21652-58-4,,,0.141,"3,3,4,4,5,5,6,6,7,7,8,8,9,9,10,10,10-heptadecafluorodec-1-ene",IPCC Ch.7 metrics + Montreal Protocol (openclimatedata) + AR6 7.SM.7 (openclimatedata),gwp100_ar6 from openclimate missing; gwp100_fallback used where applicable; GWP100 from fallback (Montreal/IPCC file/EPA AR5)
219484-64-7,,,460.0,"1,1,1,2,2,3,3,4,4-nonafluoro-4-methoxybutane",IPCC Ch.7 metrics + Montreal Protocol (openclimatedata) + AR6 7.SM.7 (openclimatedata),gwp100_ar6 from openclimate missing; gwp100_fallback used where applicable; GWP100 from fallback (Montreal/IPCC file/EPA AR5)
22052-84-2,,,392.0,"1,1,1,2,3,3,3-heptafluoro-2-methoxypropane",IPCC Ch.7 metrics + Montreal Protocol (openclimatedata) + AR6 7.SM.7 (openclimatedata),gwp100_ar6 from openclimate missing; gwp100_fallback used where applicable; GWP100 from fallback (Montreal/IPCC file/EPA AR5)
2240-88-2,,,0.62,"3,3,3-trifluoropropan-1-ol",IPCC Ch.7 metrics + Montreal Protocol (openclimatedata) + AR6 7.SM.7 (openclimatedata),gwp100_ar6 from openclimate missing; gwp100_fallback used where applicable; GWP100 from fallback (Montreal/IPCC file/EPA AR5)
22410-44-2,,747.0,747.0,"1,1,1,2,2-pentafluoro-2-methoxyethane",IPCC Ch.7 metrics + Montreal Protocol (openclimatedata) + AR6 7.SM.7 (openclimatedata),species_key=hfe245cb2
2252-84-8,0.0,,2980.0,"1,1,1,2,2,3,3-heptafluoropropane",IPCC Ch.7 metrics + Montreal Protocol (openclimatedata) + AR6 7.SM.7 (openclimatedata),gwp100_ar6 from openclimate missing; gwp100_fallback used where applicable; ODP inferred 0 (low-ODP fluorinated species); GWP100 from fallback (Montreal/IPCC file/EPA AR5)
2354-06-5,1.0,,,CFC-213 (C3F3Cl5) Pentachlorotrifluoropropane,EPA HTML ODS tables + AR6 merge,Row from EPA HTML
2356-62-9,,7520.0,7520.0,"1,1,1,2-tetrafluoro-2-(trifluoromethoxy)ethane",IPCC Ch.7 metrics + Montreal Protocol (openclimatedata) + AR6 7.SM.7 (openclimatedata),species_key=hfe227ea
24270-66-4,0.0,,255.0,"1,1,2,3,3-pentafluoropropane",IPCC Ch.7 metrics + Montreal Protocol (openclimatedata) + AR6 7.SM.7 (openclimatedata),gwp100_ar6 from openclimate missing; gwp100_fallback used where applicable; ODP inferred 0 (low-ODP fluorinated species); GWP100 from fallback (Montreal/IPCC file/EPA AR5)
25291-17-2,,,0.162,"3,3,4,4,5,5,6,6,7,7,8,8,8-tridecafluorooct-1-ene",IPCC Ch.7 metrics + Montreal Protocol (openclimatedata) + AR6 7.SM.7 (openclimatedata),gwp100_ar6 from openclimate missing; gwp100_fallback used where applicable; GWP100 from fallback (Montreal/IPCC file/EPA AR5)
2551-62-4,0.0,25200.0,25200.0,Sulfur hexafluoride,IPCC Ch.7 metrics + Montreal Protocol (openclimatedata) + AR6 7.SM.7 (openclimatedata),species_key=sf6; ODP inferred 0 (low-ODP fluorinated species)
26103-08-2,0.0,,3040.0,"2-(difluoromethoxy)-1,1,1,3,3,3-hexafluoropropane",IPCC Ch.7 metrics + Montreal Protocol (openclimatedata) + AR6 7.SM.7 (openclimatedata),gwp100_ar6 from openclimate missing; gwp100_fallback used where applicable; ODP inferred 0 (low-ODP fluorinated species); GWP100 from fallback (Montreal/IPCC file/EPA AR5)
26675-46-7,0.0,539.0,539.0,"2-chloro-2-(difluoromethoxy)-1,1,1-trifluoroethane",IPCC Ch.7 metrics + Montreal Protocol (openclimatedata) + AR6 7.SM.7 (openclimatedata),species_key=hcfe235da2; ODP inferred 0 (low-ODP fluorinated species)
2699-79-8,,4630.0,4630.0,Sulfuryl fluoride,IPCC Ch.7 metrics + Montreal Protocol (openclimatedata) + AR6 7.SM.7 (openclimatedata),species_key=so2f2
2714-38-7,,,25.6,"3,3,4,4-tetrafluorocyclobutene",IPCC Ch.7 metrics + Montreal Protocol (openclimatedata) + AR6 7.SM.7 (openclimatedata),gwp100_ar6 from openclimate missing; gwp100_fallback used where applicable; GWP100 from fallback (Montreal/IPCC file/EPA AR5)
2837-89-0,0.022,597.0,597.0,"2-chloro-1,1,1,2-tetrafluoroethane",IPCC Ch.7 metrics + Montreal Protocol (openclimatedata) + AR6 7.SM.7 (openclimatedata); EPA HTML,Montreal label_key=hcfc124; species_key=hcfc124
28523-86-6,0.0,,195.0,"1,1,1,3,3,3-hexafluoro-2-(fluoromethoxy)propane",IPCC Ch.7 metrics + Montreal Protocol (openclimatedata) + AR6 7.SM.7 (openclimatedata),gwp100_ar6 from openclimate missing; gwp100_fallback used where applicable; ODP inferred 0 (low-ODP fluorinated species); GWP100 from fallback (Montreal/IPCC file/EPA AR5)
29118-24-9,,,1.37,"(e)-1,3,3,3-tetrafluoroprop-1-ene",IPCC Ch.7 metrics + Montreal Protocol (openclimatedata) + AR6 7.SM.7 (openclimatedata),gwp100_ar6 from openclimate missing; gwp100_fallback used where applicable; GWP100 from fallback (Montreal/IPCC file/EPA AR5)
29118-25-0,,,0.315,"(z)-1,3,3,3-tetrafluoroprop-1-ene",IPCC Ch.7 metrics + Montreal Protocol (openclimatedata) + AR6 7.SM.7 (openclimatedata),gwp100_ar6 from openclimate missing; gwp100_fallback used where applicable; GWP100 from fallback (Montreal/IPCC file/EPA AR5)
29255-31-0,1.0,,,CFC-214 (C3F4Cl4) Tetrachlorotetrafluoropropane,EPA HTML ODS tables + AR6 merge,Row from EPA HTML
297730-93-9,,,13.0,"4-ethoxy-1,1,1,2,2,3,3,4,5,6,6,6-dodecafluoro-5-(trifluoromethyl)hexane",IPCC Ch.7 metrics + Montreal Protocol (openclimatedata) + AR6 7.SM.7 (openclimatedata),gwp100_ar6 from openclimate missing; gwp100_fallback used where applicable; GWP100 from fallback (Montreal/IPCC file/EPA AR5)
306-83-2,0.02,90.4,90.4,"2,2-dichloro-1,1,1-trifluoroethane",IPCC Ch.7 metrics + Montreal Protocol (openclimatedata) + AR6 7.SM.7 (openclimatedata); EPA HTML,Montreal label_key=hcfc123; species_key=hcfc123
306-94-5,,7480.0,7480.0,"1,1,2,2,3,3,4,4,4a,5,5,6,6,7,7,8,8,8a-octadecafluoronaphthalene",IPCC Ch.7 metrics + Montreal Protocol (openclimatedata) + AR6 7.SM.7 (openclimatedata),species_key=c10f18
307-34-6,,,8260.0,Octadecafluorooctane,IPCC Ch.7 metrics + Montreal Protocol (openclimatedata) + AR6 7.SM.7 (openclimatedata),gwp100_ar6 from openclimate missing; gwp100_fallback used where applicable; GWP100 from fallback (Montreal/IPCC file/EPA AR5)
311-89-7,,,8490.0,Heptacosafluorotributylamine,IPCC Ch.7 metrics + Montreal Protocol (openclimatedata) + AR6 7.SM.7 (openclimatedata),gwp100_ar6 from openclimate missing; gwp100_fallback used where applicable; GWP100 from fallback (Montreal/IPCC file/EPA AR5)
313064-40-3,0.0,,597.0,Perfluoroethyl formate,IPCC Ch.7 metrics + Montreal Protocol (openclimatedata) + AR6 7.SM.7 (openclimatedata),gwp100_ar6 from openclimate missing; gwp100_fallback used where applicable; ODP inferred 0 (low-ODP fluorinated species); GWP100 from fallback (Montreal/IPCC file/EPA AR5)
3182-26-1,1.0,,,CFC-212 (C3F2Cl6) Hexachlorodifluoropropane,EPA HTML ODS tables + AR6 merge,Row from EPA HTML
32042-38-9,,,54.8,"2,2,2-trifluoroethyl formate",IPCC Ch.7 metrics + Montreal Protocol (openclimatedata) + AR6 7.SM.7 (openclimatedata),gwp100_ar6 from openclimate missing; gwp100_fallback used where applicable; GWP100 from fallback (Montreal/IPCC file/EPA AR5)
333-36-8,,,24.4,"1,1,1-trifluoro-2-(2,2,2-trifluoroethoxy)ethane",IPCC Ch.7 metrics + Montreal Protocol (openclimatedata) + AR6 7.SM.7 (openclimatedata),gwp100_ar6 from openclimate missing; gwp100_fallback used where applicable; GWP100 from fallback (Montreal/IPCC file/EPA AR5)
3330-15-2,,,6630.0,"1,1,1,2,2,3,3-heptafluoro-3-(1,2,2,2-tetrafluoroethoxy)propane",IPCC Ch.7 metrics + Montreal Protocol (openclimatedata) + AR6 7.SM.7 (openclimatedata),gwp100_ar6 from openclimate missing; gwp100_fallback used where applicable; GWP100 from fallback (Montreal/IPCC file/EPA AR5)
335-57-9,,,8410.0,Hexadecafluoroheptane,IPCC Ch.7 metrics + Montreal Protocol (openclimatedata) + AR6 7.SM.7 (openclimatedata),gwp100_ar6 from openclimate missing; gwp100_fallback used where applicable; GWP100 from fallback (Montreal/IPCC file/EPA AR5)
338-83-0,0.0,,9030.0,Perfluorotripropylamine,IPCC Ch.7 metrics + Montreal Protocol (openclimatedata) + AR6 7.SM.7 (openclimatedata),gwp100_ar6 from openclimate missing; gwp100_fallback used where applicable; ODP inferred 0 (low-ODP fluorinated species); GWP100 from fallback (Montreal/IPCC file/EPA AR5)
338-84-1,0.0,,7260.0,Perfluorotripentylamine,IPCC Ch.7 metrics + Montreal Protocol (openclimatedata) + AR6 7.SM.7 (openclimatedata),gwp100_ar6 from openclimate missing; gwp100_fallback used where applicable; ODP inferred 0 (low-ODP fluorinated species); GWP100 from fallback (Montreal/IPCC file/EPA AR5)
35042-99-0,0.0,484.0,484.0,"3-(difluoromethoxy)-1,1,2,2-tetrafluoropropane",IPCC Ch.7 metrics + Montreal Protocol (openclimatedata) + AR6 7.SM.7 (openclimatedata),species_key=hfe356pcf3; ODP inferred 0 (low-ODP fluorinated species)
353-36-6,0.0,4.84,4.84,Fluoroethane,IPCC Ch.7 metrics + Montreal Protocol (openclimatedata) + AR6 7.SM.7 (openclimatedata),species_key=hfc161; ODP inferred 0 (low-ODP fluorinated species)
353-59-3,3.0,1930.0,1930.0,Bromochlorodifluoromethane,IPCC Ch.7 metrics + Montreal Protocol (openclimatedata) + AR6 7.SM.7 (openclimatedata); EPA HTML,Montreal label_key=halon1211; species_key=halon1211
354-14-3,0.0,58.3,58.3,"1,1,2,2-tetrachloro-1-fluoroethane",IPCC Ch.7 metrics + Montreal Protocol (openclimatedata) + AR6 7.SM.7 (openclimatedata); EPA HTML,gwp100_ar6 from openclimate missing; gwp100_fallback used where applicable; ODP inferred 0 (low-ODP fluorinated species)
354-15-4,0.0,,245.0,"1,1,2-trichloro-1,2-difluoroethane",IPCC Ch.7 metrics + Montreal Protocol (openclimatedata) + AR6 7.SM.7 (openclimatedata),gwp100_ar6 from openclimate missing; gwp100_fallback used where applicable; ODP inferred 0 (low-ODP fluorinated species); GWP100 from fallback (Montreal/IPCC file/EPA AR5)
354-21-2,0.0,56.4,56.4,"1,2,2-trichloro-1,1-difluoroethane",IPCC Ch.7 metrics + Montreal Protocol (openclimatedata) + AR6 7.SM.7 (openclimatedata); EPA HTML,gwp100_ar6 from openclimate missing; gwp100_fallback used where applicable; ODP inferred 0 (low-ODP fluorinated species)
354-23-4,0.0,,395.0,"1,2-dichloro-1,1,2-trifluoroethane",IPCC Ch.7 metrics + Montreal Protocol (openclimatedata) + AR6 7.SM.7 (openclimatedata),gwp100_ar6 from openclimate missing; gwp100_fallback used where applicable; ODP inferred 0 (low-ODP fluorinated species); GWP100 from fallback (Montreal/IPCC file/EPA AR5)
354-25-6,0.0,,2070.0,"1-chloro-1,1,2,2-tetrafluoroethane",IPCC Ch.7 metrics + Montreal Protocol (openclimatedata) + AR6 7.SM.7 (openclimatedata),gwp100_ar6 from openclimate missing; gwp100_fallback used where applicable; ODP inferred 0 (low-ODP fluorinated species); GWP100 from fallback (Montreal/IPCC file/EPA AR5)
354-33-6,0.0,3740.0,3500.0,"1,1,1,2,2-pentafluoroethane",IPCC Ch.7 metrics + Montreal Protocol (openclimatedata) + AR6 7.SM.7 (openclimatedata),species_key=hfc125; ODP inferred 0 (low-ODP fluorinated species)
354-56-3,1.0,,,CFC-111 (C2FCl5) Pentachlorofluoroethane,EPA HTML ODS tables + AR6 merge,Row from EPA HTML
354-58-5,0.0,,3930.0,"1,1,1-trichloro-2,2,2-trifluoroethane",IPCC Ch.7 metrics + Montreal Protocol (openclimatedata) + AR6 7.SM.7 (openclimatedata),gwp100_ar6 from openclimate missing; gwp100_fallback used where applicable; ODP inferred 0 (low-ODP fluorinated species); GWP100 from fallback (Montreal/IPCC file/EPA AR5)
355-08-8,,,0.235,"3,3,4,4,5,5,5-heptafluoropent-1-ene",IPCC Ch.7 metrics + Montreal Protocol (openclimatedata) + AR6 7.SM.7 (openclimatedata),gwp100_ar6 from openclimate missing; gwp100_fallback used where applicable; GWP100 from fallback (Montreal/IPCC file/EPA AR5)
355-25-9,0.0,,10000.0,Decafluorobutane,IPCC Ch.7 metrics + Montreal Protocol (openclimatedata) + AR6 7.SM.7 (openclimatedata),gwp100_ar6 from openclimate missing; gwp100_fallback used where applicable; ODP inferred 0 (low-ODP fluorinated species); GWP100 from fallback (Montreal/IPCC file/EPA AR5)
355-42-0,,,8620.0,Tetradecafluorohexane,IPCC Ch.7 metrics + Montreal Protocol (openclimatedata) + AR6 7.SM.7 (openclimatedata),gwp100_ar6 from openclimate missing; gwp100_fallback used where applicable; GWP100 from fallback (Montreal/IPCC file/EPA AR5)
357-26-6,,,0.102,Octafluoro-1-butene,IPCC Ch.7 metrics + Montreal Protocol (openclimatedata) + AR6 7.SM.7 (openclimatedata),gwp100_ar6 from openclimate missing; gwp100_fallback used where applicable; GWP100 from fallback (Montreal/IPCC file/EPA AR5)
359-11-5,,,0.005,Trifluoroethylene,IPCC Ch.7 metrics + Montreal Protocol (openclimatedata) + AR6 7.SM.7 (openclimatedata),gwp100_ar6 from openclimate missing; gwp100_fallback used where applicable; GWP100 from fallback (Montreal/IPCC file/EPA AR5)
359-13-7,,,6.18,"2,2-difluoroethanol",IPCC Ch.7 metrics + Montreal Protocol (openclimatedata) + AR6 7.SM.7 (openclimatedata),gwp100_ar6 from openclimate missing; gwp100_fallback used where applicable; GWP100 from fallback (Montreal/IPCC file/EPA AR5)
359-15-9,,,136.0,Difluoro(methoxy)methane,IPCC Ch.7 metrics + Montreal Protocol (openclimatedata) + AR6 7.SM.7 (openclimatedata),gwp100_ar6 from openclimate missing; gwp100_fallback used where applicable; GWP100 from fallback (Montreal/IPCC file/EPA AR5)
359-35-3,0.0,1260.0,1100.0,"1,1,2,2-tetrafluoroethane",IPCC Ch.7 metrics + Montreal Protocol (openclimatedata) + AR6 7.SM.7 (openclimatedata),species_key=hfc134; ODP inferred 0 (low-ODP fluorinated species)
359-70-6,,,10300.0,Pentadecafluorotriethylamine,IPCC Ch.7 metrics + Montreal Protocol (openclimatedata) + AR6 7.SM.7 (openclimatedata),gwp100_ar6 from openclimate missing; gwp100_fallback used where applicable; GWP100 from fallback (Montreal/IPCC file/EPA AR5)
360-89-4,,,1.97,Octafluoro-2-buene,IPCC Ch.7 metrics + Montreal Protocol (openclimatedata) + AR6 7.SM.7 (openclimatedata),gwp100_ar6 from openclimate missing; gwp100_fallback used where applicable; GWP100 from fallback (Montreal/IPCC file/EPA AR5)
371-62-0,,,0.53,2-fluoroethanol,IPCC Ch.7 metrics + Montreal Protocol (openclimatedata) + AR6 7.SM.7 (openclimatedata),gwp100_ar6 from openclimate missing; gwp100_fallback used where applicable; GWP100 from fallback (Montreal/IPCC file/EPA AR5)
373-80-8,,18500.0,18500.0,Pentafluoro(trifluoromethyl)-lambda6-sulfane,IPCC Ch.7 metrics + Montreal Protocol (openclimatedata) + AR6 7.SM.7 (openclimatedata),species_key=sf5cf3
374-07-2,0.0,,7420.0,"1,1-dichloro-1,2,2,2-tetrafluoroethane",IPCC Ch.7 metrics + Montreal Protocol (openclimatedata) + AR6 7.SM.7 (openclimatedata),gwp100_ar6 from openclimate missing; gwp100_fallback used where applicable; ODP inferred 0 (low-ODP fluorinated species); GWP100 from fallback (Montreal/IPCC file/EPA AR5)
374-27-6,,,0.182,"3,3,4,4,4-pentafluorobut-1-ene",IPCC Ch.7 metrics + Montreal Protocol (openclimatedata) + AR6 7.SM.7 (openclimatedata),gwp100_ar6 from openclimate missing; gwp100_fallback used where applicable; GWP100 from fallback (Montreal/IPCC file/EPA AR5)
374-31-2,,,92.4,"1,3,3,4,4-pentafluorocyclobutene",IPCC Ch.7 metrics + Montreal Protocol (openclimatedata) + AR6 7.SM.7 (openclimatedata),gwp100_ar6 from openclimate missing; gwp100_fallback used where applicable; GWP100 from fallback (Montreal/IPCC file/EPA AR5)
375-01-9,,,36.5,"2,2,3,3,4,4,4-heptafluorobutan-1-ol",IPCC Ch.7 metrics + Montreal Protocol (openclimatedata) + AR6 7.SM.7 (openclimatedata),gwp100_ar6 from openclimate missing; gwp100_fallback used where applicable; GWP100 from fallback (Montreal/IPCC file/EPA AR5)
375-03-1,,576.0,576.0,"1,1,1,2,2,3,3-heptafluoro-3-methoxypropane",IPCC Ch.7 metrics + Montreal Protocol (openclimatedata) + AR6 7.SM.7 (openclimatedata),species_key=hfe347mcc3
375-17-7,0.0,,2890.0,"1,1,1,2,2,3,3,4,4-nonafluorobutane",IPCC Ch.7 metrics + Montreal Protocol (openclimatedata) + AR6 7.SM.7 (openclimatedata),gwp100_ar6 from openclimate missing; gwp100_fallback used where applicable; ODP inferred 0 (low-ODP fluorinated species); GWP100 from fallback (Montreal/IPCC file/EPA AR5)
378-16-5,,1.6,1.6,"1,1,1,2,2-pentafluoro-3-methoxypropane",IPCC Ch.7 metrics + Montreal Protocol (openclimatedata) + AR6 7.SM.7 (openclimatedata),species_key=hfe365mcf3
380-34-7,0.0,,26.4,"1-ethoxy-1,1,2,3,3,3-hexafluoropropane",IPCC Ch.7 metrics + Montreal Protocol (openclimatedata) + AR6 7.SM.7 (openclimatedata),gwp100_ar6 from openclimate missing; gwp100_fallback used where applicable; ODP inferred 0 (low-ODP fluorinated species); GWP100 from fallback (Montreal/IPCC file/EPA AR5)
381-88-4,,,0.095,"1,1,1-trifluorobutan-2-one",IPCC Ch.7 metrics + Montreal Protocol (openclimatedata) + AR6 7.SM.7 (openclimatedata),gwp100_ar6 from openclimate missing; gwp100_fallback used where applicable; GWP100 from fallback (Montreal/IPCC file/EPA AR5)
382-10-5,,,0.377,"3,3,3-trifluoro-2-(trifluoromethyl)prop-1-ene",IPCC Ch.7 metrics + Montreal Protocol (openclimatedata) + AR6 7.SM.7 (openclimatedata),gwp100_ar6 from openclimate missing; gwp100_fallback used where applicable; GWP100 from fallback (Montreal/IPCC file/EPA AR5)
382-31-0,0.0,,30.5,"2,2,3,4,4,4-hexafluorobutan-1-ol",IPCC Ch.7 metrics + Montreal Protocol (openclimatedata) + AR6 7.SM.7 (openclimatedata),gwp100_ar6 from openclimate missing; gwp100_fallback used where applicable; ODP inferred 0 (low-ODP fluorinated species); GWP100 from fallback (Montreal/IPCC file/EPA AR5)
382-34-3,0.0,264.0,264.0,"1,1,1,2,3,3-hexafluoro-3-methoxypropane",IPCC Ch.7 metrics + Montreal Protocol (openclimatedata) + AR6 7.SM.7 (openclimatedata),species_key=hfe356mec3; ODP inferred 0 (low-ODP fluorinated species)
3822-68-2,,14300.0,14300.0,Difluoromethoxy(trifluoro)methane,IPCC Ch.7 metrics + Montreal Protocol (openclimatedata) + AR6 7.SM.7 (openclimatedata),species_key=hfe125
383-63-1,,,1.58,"Ethyl 2,2,2-trifluoroacetate",IPCC Ch.7 metrics + Montreal Protocol (openclimatedata) + AR6 7.SM.7 (openclimatedata),gwp100_ar6 from openclimate missing; gwp100_fallback used where applicable; GWP100 from fallback (Montreal/IPCC file/EPA AR5)
383-67-5,,,0.007,"Prop-2-enyl 2,2,2-trifluoroacetate",IPCC Ch.7 metrics + Montreal Protocol (openclimatedata) + AR6 7.SM.7 (openclimatedata),gwp100_ar6 from openclimate missing; gwp100_fallback used where applicable; GWP100 from fallback (Montreal/IPCC file/EPA AR5)
3832-15-3,0.0,,4230.0,"(1s,2s)-1,2-dichloro-1,2,3,3,4,4-hexafluorocyclobutane",IPCC Ch.7 metrics + Montreal Protocol (openclimatedata) + AR6 7.SM.7 (openclimatedata),gwp100_ar6 from openclimate missing; gwp100_fallback used where applicable; ODP inferred 0 (low-ODP fluorinated species); GWP100 from fallback (Montreal/IPCC file/EPA AR5)
3934-26-7,0.0,,5660.0,"(1r,2s)-1,2-dichloro-1,2,3,3,4,4-hexafluorocyclobutane",IPCC Ch.7 metrics + Montreal Protocol (openclimatedata) + AR6 7.SM.7 (openclimatedata),gwp100_ar6 from openclimate missing; gwp100_fallback used where applicable; ODP inferred 0 (low-ODP fluorinated species); GWP100 from fallback (Montreal/IPCC file/EPA AR5)
406-58-6,0.0,914.0,794.0,"1,1,1,3,3-pentafluorobutane",IPCC Ch.7 metrics + Montreal Protocol (openclimatedata) + AR6 7.SM.7 (openclimatedata),species_key=hfc365mfc; ODP inferred 0 (low-ODP fluorinated species)
406-78-0,,980.0,980.0,"1,1,2,2-tetrafluoro-1-(2,2,2-trifluoroethoxy)ethane",IPCC Ch.7 metrics + Montreal Protocol (openclimatedata) + AR6 7.SM.7 (openclimatedata),species_key=hfe347pcf2
406-90-6,0.0,,0.058,"2-ethenoxy-1,1,1-trifluoroethane",IPCC Ch.7 metrics + Montreal Protocol (openclimatedata) + AR6 7.SM.7 (openclimatedata),gwp100_ar6 from openclimate missing; gwp100_fallback used where applicable; ODP inferred 0 (low-ODP fluorinated species); GWP100 from fallback (Montreal/IPCC file/EPA AR5)
4170-30-3,,,0.0,Crotonaldehyde,IPCC Ch.7 metrics + Montreal Protocol (openclimatedata) + AR6 7.SM.7 (openclimatedata),gwp100_ar6 from openclimate missing; gwp100_fallback used where applicable; GWP100 from fallback (Montreal/IPCC file/EPA AR5)
420-45-1,0.0,,599.0,"2,2-difluoropropane",IPCC Ch.7 metrics + Montreal Protocol (openclimatedata) + AR6 7.SM.7 (openclimatedata),gwp100_ar6 from openclimate missing; gwp100_fallback used where applicable; ODP inferred 0 (low-ODP fluorinated species); GWP100 from fallback (Montreal/IPCC file/EPA AR5)
420-46-2,0.0,5810.0,4470.0,"1,1,1-trifluoroethane",IPCC Ch.7 metrics + Montreal Protocol (openclimatedata) + AR6 7.SM.7 (openclimatedata),species_key=hfc143a; ODP inferred 0 (low-ODP fluorinated species)
421-06-7,0.0,,177.0,"2-bromo-1,1,1-trifluoroethane",IPCC Ch.7 metrics + Montreal Protocol (openclimatedata) + AR6 7.SM.7 (openclimatedata),gwp100_ar6 from openclimate missing; gwp100_fallback used where applicable; ODP inferred 0 (low-ODP fluorinated species); GWP100 from fallback (Montreal/IPCC file/EPA AR5)
421-07-8,0.0,,74.8,"1,1,1-trifluoropropane",IPCC Ch.7 metrics + Montreal Protocol (openclimatedata) + AR6 7.SM.7 (openclimatedata),gwp100_ar6 from openclimate missing; gwp100_fallback used where applicable; ODP inferred 0 (low-ODP fluorinated species); GWP100 from fallback (Montreal/IPCC file/EPA AR5)
421-14-7,,616.0,616.0,Trifluoro(methoxy)methane,IPCC Ch.7 metrics + Montreal Protocol (openclimatedata) + AR6 7.SM.7 (openclimatedata),species_key=hfe143a
421-50-1,,,0.09,"1,1,1-trifluoropropan-2-one",IPCC Ch.7 metrics + Montreal Protocol (openclimatedata) + AR6 7.SM.7 (openclimatedata),gwp100_ar6 from openclimate missing; gwp100_fallback used where applicable; GWP100 from fallback (Montreal/IPCC file/EPA AR5)
422-05-9,,,34.3,"2,2,3,3,3-pentafluoropropan-1-ol",IPCC Ch.7 metrics + Montreal Protocol (openclimatedata) + AR6 7.SM.7 (openclimatedata),gwp100_ar6 from openclimate missing; gwp100_fallback used where applicable; GWP100 from fallback (Montreal/IPCC file/EPA AR5)
422-56-0,0.025,137.0,122.0,"3,3-dichloro-1,1,1,2,2-pentafluoropropane",IPCC Ch.7 metrics + Montreal Protocol (openclimatedata) + AR6 7.SM.7 (openclimatedata); EPA HTML,Montreal label_key=hcfc225ca; species_key=hcfc225ca
422-78-6,1.0,,,CFC-211 (C3FCl7) Heptachlorofluoropropane,EPA HTML ODS tables + AR6 merge,Row from EPA HTML
422-86-6,1.0,,,CFC-217 (C3F7Cl) Chloroheptafluoropropane,EPA HTML ODS tables + AR6 merge,Row from EPA HTML
425-87-6,,,136.0,"2-chloro-1,1,2-trifluoro-1-methoxyethane",IPCC Ch.7 metrics + Montreal Protocol (openclimatedata) + AR6 7.SM.7 (openclimatedata),gwp100_ar6 from openclimate missing; gwp100_fallback used where applicable; GWP100 from fallback (Montreal/IPCC file/EPA AR5)
425-88-7,,,328.0,"1,1,2,2-tetrafluoro-1-methoxyethane",IPCC Ch.7 metrics + Montreal Protocol (openclimatedata) + AR6 7.SM.7 (openclimatedata),gwp100_ar6 from openclimate missing; gwp100_fallback used where applicable; GWP100 from fallback (Montreal/IPCC file/EPA AR5)
42532-60-5,,,2750.0,Heptafluoroisobutyronitrile,IPCC Ch.7 metrics + Montreal Protocol (openclimatedata) + AR6 7.SM.7 (openclimatedata),gwp100_ar6 from openclimate missing; gwp100_fallback used where applicable; GWP100 from fallback (Montreal/IPCC file/EPA AR5)
4259-43-2,1.0,,,CFC-215 (C3F5Cl3) Trichloropentafluoropropane,EPA HTML ODS tables + AR6 merge,Row from EPA HTML
428454-68-6,0.0,,4390.0,"1,1,1,2,3,3-hexafluoro-3-(trifluoromethoxy)propane",IPCC Ch.7 metrics + Montreal Protocol (openclimatedata) + AR6 7.SM.7 (openclimatedata),gwp100_ar6 from openclimate missing; gwp100_fallback used where applicable; ODP inferred 0 (low-ODP fluorinated species); GWP100 from fallback (Montreal/IPCC file/EPA AR5)
430-57-9,0.0,,46.6,"1,2-dichloro-1-fluoroethane",IPCC Ch.7 metrics + Montreal Protocol (openclimatedata) + AR6 7.SM.7 (openclimatedata),gwp100_ar6 from openclimate missing; gwp100_fallback used where applicable; ODP inferred 0 (low-ODP fluorinated species); GWP100 from fallback (Montreal/IPCC file/EPA AR5)
430-66-0,0.0,364.0,353.0,"1,1,2-trifluoroethane",IPCC Ch.7 metrics + Montreal Protocol (openclimatedata) + AR6 7.SM.7 (openclimatedata),species_key=hfc143; ODP inferred 0 (low-ODP fluorinated species)
431-06-1,0.0,,122.0,"1,2-dichloro-1,2-difluoroethane",IPCC Ch.7 metrics + Montreal Protocol (openclimatedata) + AR6 7.SM.7 (openclimatedata),gwp100_ar6 from openclimate missing; gwp100_fallback used where applicable; ODP inferred 0 (low-ODP fluorinated species); GWP100 from fallback (Montreal/IPCC file/EPA AR5)
431-31-2,0.0,,325.0,"1,1,1,2,3-pentafluoropropane",IPCC Ch.7 metrics + Montreal Protocol (openclimatedata) + AR6 7.SM.7 (openclimatedata),gwp100_ar6 from openclimate missing; gwp100_fallback used where applicable; ODP inferred 0 (low-ODP fluorinated species); GWP100 from fallback (Montreal/IPCC file/EPA AR5)
431-47-0,,,82.3,"Methyl 2,2,2-trifluoroacetate",IPCC Ch.7 metrics + Montreal Protocol (openclimatedata) + AR6 7.SM.7 (openclimatedata),gwp100_ar6 from openclimate missing; gwp100_fallback used where applicable; GWP100 from fallback (Montreal/IPCC file/EPA AR5)
431-63-0,0.0,1500.0,1370.0,"1,1,1,2,3,3-hexafluoropropane",IPCC Ch.7 metrics + Montreal Protocol (openclimatedata) + AR6 7.SM.7 (openclimatedata),species_key=hfc236ea; ODP inferred 0 (low-ODP fluorinated species)
431-89-0,0.0,3600.0,3220.0,"1,1,1,2,3,3,3-heptafluoropropane",IPCC Ch.7 metrics + Montreal Protocol (openclimatedata) + AR6 7.SM.7 (openclimatedata),species_key=hfc227ea; ODP inferred 0 (low-ODP fluorinated species)
433-28-3,,,0.008,"Ethenyl 2,2,2-trifluoroacetate",IPCC Ch.7 metrics + Montreal Protocol (openclimatedata) + AR6 7.SM.7 (openclimatedata),gwp100_ar6 from openclimate missing; gwp100_fallback used where applicable; GWP100 from fallback (Montreal/IPCC file/EPA AR5)
460-16-2,,,0.004,(e)-1-chloro-2-fluoroethene,IPCC Ch.7 metrics + Montreal Protocol (openclimatedata) + AR6 7.SM.7 (openclimatedata),gwp100_ar6 from openclimate missing; gwp100_fallback used where applicable; GWP100 from fallback (Montreal/IPCC file/EPA AR5)
460-40-2,,,0.025,"3,3,3-trifluoropropanal",IPCC Ch.7 metrics + Montreal Protocol (openclimatedata) + AR6 7.SM.7 (openclimatedata),gwp100_ar6 from openclimate missing; gwp100_fallback used where applicable; GWP100 from fallback (Montreal/IPCC file/EPA AR5)
460-43-5,,,2.06,"1,1,1-trifluoro-2-methoxyethane",IPCC Ch.7 metrics + Montreal Protocol (openclimatedata) + AR6 7.SM.7 (openclimatedata),gwp100_ar6 from openclimate missing; gwp100_fallback used where applicable; GWP100 from fallback (Montreal/IPCC file/EPA AR5)
460-73-1,0.0,962.0,1030.0,"1,1,1,3,3-pentafluoropropane",IPCC Ch.7 metrics + Montreal Protocol (openclimatedata) + AR6 7.SM.7 (openclimatedata),species_key=hfc245fa; ODP inferred 0 (low-ODP fluorinated species)
461-18-7,,,0.049,"4,4,4-trifluorobutan-1-ol",IPCC Ch.7 metrics + Montreal Protocol (openclimatedata) + AR6 7.SM.7 (openclimatedata),gwp100_ar6 from openclimate missing; gwp100_fallback used where applicable; GWP100 from fallback (Montreal/IPCC file/EPA AR5)
471-43-2,0.0,,70.4,"1,1-dichloro-2,2-difluoroethane",IPCC Ch.7 metrics + Montreal Protocol (openclimatedata) + AR6 7.SM.7 (openclimatedata),gwp100_ar6 from openclimate missing; gwp100_fallback used where applicable; ODP inferred 0 (low-ODP fluorinated species); GWP100 from fallback (Montreal/IPCC file/EPA AR5)
485399-46-0,,,229.0,"1,1,2,2-Tetrafluoro-1-methoxyethane",IPCC Ch.7 metrics + Montreal Protocol (openclimatedata) + AR6 7.SM.7 (openclimatedata),gwp100_ar6 from openclimate missing; gwp100_fallback used where applicable; GWP100 from fallback (Montreal/IPCC file/EPA AR5)
485399-48-2,,,219.0,"1,1,2,2-tetrafluoro-1-methoxy-2-[1,1,2,2-tetrafluoro-2-(1,1,2,2-tetrafluoro-2-methoxyethoxy)ethoxy]ethane",IPCC Ch.7 metrics + Montreal Protocol (openclimatedata) + AR6 7.SM.7 (openclimatedata),gwp100_ar6 from openclimate missing; gwp100_fallback used where applicable; GWP100 from fallback (Montreal/IPCC file/EPA AR5)
507-55-1,0.033,568.0,595.0,"1,3-dichloro-1,1,2,2,3-pentafluoropropane",IPCC Ch.7 metrics + Montreal Protocol (openclimatedata) + AR6 7.SM.7 (openclimatedata); EPA HTML,Montreal label_key=hcfc225cb; species_key=hcfc225cb
50807-77-7,0.0,831.0,831.0,"1-(2,2-difluoroethoxy)-1,1,2,2-tetrafluoroethane",IPCC Ch.7 metrics + Montreal Protocol (openclimatedata) + AR6 7.SM.7 (openclimatedata),species_key=hfe356pcf2; ODP inferred 0 (low-ODP fluorinated species)
512-51-6,0.0,12.5,12.5,"1-ethoxy-1,1,2,2-tetrafluoroethane",IPCC Ch.7 metrics + Montreal Protocol (openclimatedata) + AR6 7.SM.7 (openclimatedata),species_key=hfe374pc2; ODP inferred 0 (low-ODP fluorinated species)
540-67-0,,,0.01,Ethyl methyl ether,IPCC Ch.7 metrics + Montreal Protocol (openclimatedata) + AR6 7.SM.7 (openclimatedata),gwp100_ar6 from openclimate missing; gwp100_fallback used where applicable; GWP100 from fallback (Montreal/IPCC file/EPA AR5)
540-97-6,,,0.142,Dodecamethylcyclohexasiloxane,IPCC Ch.7 metrics + Montreal Protocol (openclimatedata) + AR6 7.SM.7 (openclimatedata),gwp100_ar6 from openclimate missing; gwp100_fallback used where applicable; GWP100 from fallback (Montreal/IPCC file/EPA AR5)
541-02-6,,,0.289,Decamethylcyclopentasiloxane,IPCC Ch.7 metrics + Montreal Protocol (openclimatedata) + AR6 7.SM.7 (openclimatedata),gwp100_ar6 from openclimate missing; gwp100_fallback used where applicable; GWP100 from fallback (Montreal/IPCC file/EPA AR5)
541-05-9,,,1.15,Hexamethylcyclotrisiloxane,IPCC Ch.7 metrics + Montreal Protocol (openclimatedata) + AR6 7.SM.7 (openclimatedata),gwp100_ar6 from openclimate missing; gwp100_fallback used where applicable; GWP100 from fallback (Montreal/IPCC file/EPA AR5)
5528-43-8,,,0.344,"(z)-1,2,3,3,3-pentafluoroprop-1-ene",IPCC Ch.7 metrics + Montreal Protocol (openclimatedata) + AR6 7.SM.7 (openclimatedata),gwp100_ar6 from openclimate missing; gwp100_fallback used where applicable; GWP100 from fallback (Montreal/IPCC file/EPA AR5)
556-67-2,,,0.739,Octamethylcyclotetrasiloxane,IPCC Ch.7 metrics + Montreal Protocol (openclimatedata) + AR6 7.SM.7 (openclimatedata),gwp100_ar6 from openclimate missing; gwp100_fallback used where applicable; GWP100 from fallback (Montreal/IPCC file/EPA AR5)
557-31-3,,,0.0,Allyl ethyl ether,IPCC Ch.7 metrics + Montreal Protocol (openclimatedata) + AR6 7.SM.7 (openclimatedata),gwp100_ar6 from openclimate missing; gwp100_fallback used where applicable; GWP100 from fallback (Montreal/IPCC file/EPA AR5)
557-40-4,,,0.0,Allyl ether,IPCC Ch.7 metrics + Montreal Protocol (openclimatedata) + AR6 7.SM.7 (openclimatedata),gwp100_ar6 from openclimate missing; gwp100_fallback used where applicable; GWP100 from fallback (Montreal/IPCC file/EPA AR5)
559-40-0,,,78.1,Octafluorocyclopentene,IPCC Ch.7 metrics + Montreal Protocol (openclimatedata) + AR6 7.SM.7 (openclimatedata),gwp100_ar6 from openclimate missing; gwp100_fallback used where applicable; GWP100 from fallback (Montreal/IPCC file/EPA AR5)
5595-10-8,,,0.118,"(e)-1,2,3,3,3-pentafluoroprop-1-ene",IPCC Ch.7 metrics + Montreal Protocol (openclimatedata) + AR6 7.SM.7 (openclimatedata),gwp100_ar6 from openclimate missing; gwp100_fallback used where applicable; GWP100 from fallback (Montreal/IPCC file/EPA AR5)
56-23-5,1.1,2200.0,2200.0,Tetrachloromethane,IPCC Ch.7 metrics + Montreal Protocol (openclimatedata) + AR6 7.SM.7 (openclimatedata); EPA HTML,Montreal label_key=carbontetrachloride; species_key=ccl4
565-69-5,,,0.2,2-methylpentan-3-one,IPCC Ch.7 metrics + Montreal Protocol (openclimatedata) + AR6 7.SM.7 (openclimatedata),gwp100_ar6 from openclimate missing; gwp100_fallback used where applicable; GWP100 from fallback (Montreal/IPCC file/EPA AR5)
57041-67-5,0.0,2590.0,2590.0,"2-(difluoromethoxy)-1,1,1,2-tetrafluoroethane",IPCC Ch.7 metrics + Montreal Protocol (openclimatedata) + AR6 7.SM.7 (openclimatedata),species_key=hfe236ea2; ODP inferred 0 (low-ODP fluorinated species)
593-53-3,,135.0,92.0,Fluoromethane,IPCC Ch.7 metrics + Montreal Protocol (openclimatedata) + AR6 7.SM.7 (openclimatedata),species_key=hfc41
593-70-4,0.02,79.4,79.4,Chlorofluoromethane,IPCC Ch.7 metrics + Montreal Protocol (openclimatedata) + AR6 7.SM.7 (openclimatedata); EPA HTML,Montreal label_key=hcfc31; gwp100_ar6 from openclimate missing; gwp100_fallback used where applicable
598-88-9,,,0.126,"(e)-1,2-dichloro-1,2-difluoroethene",IPCC Ch.7 metrics + Montreal Protocol (openclimatedata) + AR6 7.SM.7 (openclimatedata),gwp100_ar6 from openclimate missing; gwp100_fallback used where applicable; GWP100 from fallback (Montreal/IPCC file/EPA AR5)
60433-11-6,,,7800.0,"1,1,2,2,3,3,4,4,4a,5,5,6,6,7,7,8,8,8a-octadecafluoronaphthalene",IPCC Ch.7 metrics + Montreal Protocol (openclimatedata) + AR6 7.SM.7 (openclimatedata),gwp100_ar6 from openclimate missing; gwp100_fallback used where applicable; GWP100 from fallback (Montreal/IPCC file/EPA AR5)
60433-12-7,,,7120.0,"1,1,2,2,3,3,4,4,4a,5,5,6,6,7,7,8,8,8a-octadecafluoronaphthalene",IPCC Ch.7 metrics + Montreal Protocol (openclimatedata) + AR6 7.SM.7 (openclimatedata),gwp100_ar6 from openclimate missing; gwp100_fallback used where applicable; GWP100 from fallback (Montreal/IPCC file/EPA AR5)
60598-17-6,,,1.68,"1,1,2,2-tetrafluoro-3-methoxypropane",IPCC Ch.7 metrics + Montreal Protocol (openclimatedata) + AR6 7.SM.7 (openclimatedata),gwp100_ar6 from openclimate missing; gwp100_fallback used where applicable; GWP100 from fallback (Montreal/IPCC file/EPA AR5)
624-72-6,0.0,21.5,53.0,"1,2-difluoroethane",IPCC Ch.7 metrics + Montreal Protocol (openclimatedata) + AR6 7.SM.7 (openclimatedata),species_key=hfc152; ODP inferred 0 (low-ODP fluorinated species)
661-97-2,1.0,,,CFC-216 (C3F6Cl2) Dichlorohexafluoropropane,EPA HTML ODS tables + AR6 merge,Row from EPA HTML
66711-86-2,0.0,,17.9,"(e)-1,1,1,4,4,4-hexafluorobut-2-ene",IPCC Ch.7 metrics + Montreal Protocol (openclimatedata) + AR6 7.SM.7 (openclimatedata),gwp100_ar6 from openclimate missing; gwp100_fallback used where applicable; ODP inferred 0 (low-ODP fluorinated species); GWP100 from fallback (Montreal/IPCC file/EPA AR5)
67-66-3,,20.6,20.6,Trichloromethane,IPCC Ch.7 metrics + Montreal Protocol (openclimatedata) + AR6 7.SM.7 (openclimatedata),species_key=chcl3
677-21-4,,,0.261,"3,3,3-trifluoroprop-1-ene",IPCC Ch.7 metrics + Montreal Protocol (openclimatedata) + AR6 7.SM.7 (openclimatedata),gwp100_ar6 from openclimate missing; gwp100_fallback used where applicable; GWP100 from fallback (Montreal/IPCC file/EPA AR5)
677-56-5,0.0,1350.0,1340.0,"1,1,1,2,2,3-hexafluoropropane",IPCC Ch.7 metrics + Montreal Protocol (openclimatedata) + AR6 7.SM.7 (openclimatedata),species_key=hfc236cb; ODP inferred 0 (low-ODP fluorinated species)
678-26-2,,,9220.0,Dodecafluoropentane,IPCC Ch.7 metrics + Montreal Protocol (openclimatedata) + AR6 7.SM.7 (openclimatedata),gwp100_ar6 from openclimate missing; gwp100_fallback used where applicable; GWP100 from fallback (Montreal/IPCC file/EPA AR5)
679-86-7,0.0,787.0,693.0,"1,1,2,2,3-pentafluoropropane",IPCC Ch.7 metrics + Montreal Protocol (openclimatedata) + AR6 7.SM.7 (openclimatedata),species_key=hfc245ca; ODP inferred 0 (low-ODP fluorinated species)
685-63-2,0.0,,0.004,"1,1,2,3,4,4-hexafluorobuta-1,3-diene",IPCC Ch.7 metrics + Montreal Protocol (openclimatedata) + AR6 7.SM.7 (openclimatedata),gwp100_ar6 from openclimate missing; gwp100_fallback used where applicable; ODP inferred 0 (low-ODP fluorinated species); GWP100 from fallback (Montreal/IPCC file/EPA AR5)
690-22-2,,,29.2,Trifluoromethoxyethane,IPCC Ch.7 metrics + Montreal Protocol (openclimatedata) + AR6 7.SM.7 (openclimatedata),gwp100_ar6 from openclimate missing; gwp100_fallback used where applicable; GWP100 from fallback (Montreal/IPCC file/EPA AR5)
690-39-1,0.0,8690.0,9810.0,"1,1,1,3,3,3-hexafluoropropane",IPCC Ch.7 metrics + Montreal Protocol (openclimatedata) + AR6 7.SM.7 (openclimatedata),species_key=hfc236fa; ODP inferred 0 (low-ODP fluorinated species)
692-49-9,0.0,,2.08,"(z)-1,1,1,4,4,4-hexafluorobut-2-ene",IPCC Ch.7 metrics + Montreal Protocol (openclimatedata) + AR6 7.SM.7 (openclimatedata),gwp100_ar6 from openclimate missing; gwp100_fallback used where applicable; ODP inferred 0 (low-ODP fluorinated species); GWP100 from fallback (Montreal/IPCC file/EPA AR5)
697-11-0,0.0,,126.0,Hexafluorocyclobutene,IPCC Ch.7 metrics + Montreal Protocol (openclimatedata) + AR6 7.SM.7 (openclimatedata),gwp100_ar6 from openclimate missing; gwp100_fallback used where applicable; ODP inferred 0 (low-ODP fluorinated species); GWP100 from fallback (Montreal/IPCC file/EPA AR5)
71-55-6,0.1,161.0,161.0,"1,1,1-trichloroethane",IPCC Ch.7 metrics + Montreal Protocol (openclimatedata) + AR6 7.SM.7 (openclimatedata); EPA HTML,species_key=ch3ccl3; EPA ODP
73287-23-7,,,202.0,"1,1,2,2-tetrafluoro-1,2-dimethoxyethane",IPCC Ch.7 metrics + Montreal Protocol (openclimatedata) + AR6 7.SM.7 (openclimatedata),gwp100_ar6 from openclimate missing; gwp100_fallback used where applicable; GWP100 from fallback (Montreal/IPCC file/EPA AR5)
74-82-8,0.0,27.9,27.9,Methane,IPCC Ch.7 metrics + Montreal Protocol (openclimatedata) + AR6 7.SM.7 (openclimatedata),species_key=ch4; ODP inferred 0 (CH4/N2O)
74-83-9,0.6,2.43,2.43,Bromomethane,IPCC Ch.7 metrics + Montreal Protocol (openclimatedata) + AR6 7.SM.7 (openclimatedata); EPA HTML,Montreal label_key=methylbromide; species_key=ch3br
74-84-0,,,0.437,Ethane,IPCC Ch.7 metrics + Montreal Protocol (openclimatedata) + AR6 7.SM.7 (openclimatedata),gwp100_ar6 from openclimate missing; gwp100_fallback used where applicable; GWP100 from fallback (Montreal/IPCC file/EPA AR5)
74-87-3,,5.54,5.54,Chloromethane,IPCC Ch.7 metrics + Montreal Protocol (openclimatedata) + AR6 7.SM.7 (openclimatedata),species_key=ch3cl
74-95-3,,,1.51,Dibromomethane,IPCC Ch.7 metrics + Montreal Protocol (openclimatedata) + AR6 7.SM.7 (openclimatedata),gwp100_ar6 from openclimate missing; gwp100_fallback used where applicable; GWP100 from fallback (Montreal/IPCC file/EPA AR5)
74-96-4,,,0.487,Bromoethane,IPCC Ch.7 metrics + Montreal Protocol (openclimatedata) + AR6 7.SM.7 (openclimatedata),gwp100_ar6 from openclimate missing; gwp100_fallback used where applicable; GWP100 from fallback (Montreal/IPCC file/EPA AR5)
74-97-5,0.12,,4.74,Bromochloromethane,IPCC Ch.7 metrics + Montreal Protocol (openclimatedata) + AR6 7.SM.7 (openclimatedata),Montreal label_key=ch2brcl; gwp100_ar6 from openclimate missing; gwp100_fallback used where applicable; GWP100 from fallback (Montreal/IPCC file/EPA AR5)
74-98-6,,,0.02,Propane,IPCC Ch.7 metrics + Montreal Protocol (openclimatedata) + AR6 7.SM.7 (openclimatedata),gwp100_ar6 from openclimate missing; gwp100_fallback used where applicable; GWP100 from fallback (Montreal/IPCC file/EPA AR5)
75-00-3,,,0.481,Chloroethane,IPCC Ch.7 metrics + Montreal Protocol (openclimatedata) + AR6 7.SM.7 (openclimatedata),gwp100_ar6 from openclimate missing; gwp100_fallback used where applicable; GWP100 from fallback (Montreal/IPCC file/EPA AR5)
75-02-5,,,0.024,Fluoroethene,IPCC Ch.7 metrics + Montreal Protocol (openclimatedata) + AR6 7.SM.7 (openclimatedata),gwp100_ar6 from openclimate missing; gwp100_fallback used where applicable; GWP100 from fallback (Montreal/IPCC file/EPA AR5)
75-09-2,,11.2,11.2,Dichloromethane,IPCC Ch.7 metrics + Montreal Protocol (openclimatedata) + AR6 7.SM.7 (openclimatedata),species_key=ch2cl2
75-10-5,,771.0,675.0,Difluoromethane,IPCC Ch.7 metrics + Montreal Protocol (openclimatedata) + AR6 7.SM.7 (openclimatedata),species_key=hfc32
75-25-2,,,0.25,Tribromomethane,IPCC Ch.7 metrics + Montreal Protocol (openclimatedata) + AR6 7.SM.7 (openclimatedata),gwp100_ar6 from openclimate missing; gwp100_fallback used where applicable; GWP100 from fallback (Montreal/IPCC file/EPA AR5)
75-26-3,,,0.126,2-bromopropane,IPCC Ch.7 metrics + Montreal Protocol (openclimatedata) + AR6 7.SM.7 (openclimatedata),gwp100_ar6 from openclimate missing; gwp100_fallback used where applicable; GWP100 from fallback (Montreal/IPCC file/EPA AR5)
75-29-6,,,0.181,2-chloropropane,IPCC Ch.7 metrics + Montreal Protocol (openclimatedata) + AR6 7.SM.7 (openclimatedata),gwp100_ar6 from openclimate missing; gwp100_fallback used where applicable; GWP100 from fallback (Montreal/IPCC file/EPA AR5)
75-37-6,0.0,164.0,124.0,"1,1-difluoroethane",IPCC Ch.7 metrics + Montreal Protocol (openclimatedata) + AR6 7.SM.7 (openclimatedata),species_key=hfc152a; ODP inferred 0 (low-ODP fluorinated species)
75-38-7,,,0.052,"1,1-difluoroethene",IPCC Ch.7 metrics + Montreal Protocol (openclimatedata) + AR6 7.SM.7 (openclimatedata),gwp100_ar6 from openclimate missing; gwp100_fallback used where applicable; GWP100 from fallback (Montreal/IPCC file/EPA AR5)
75-43-4,0.04,160.0,151.0,Dichlorofluoromethane,IPCC Ch.7 metrics + Montreal Protocol (openclimatedata) + AR6 7.SM.7 (openclimatedata); EPA HTML,Montreal label_key=hcfc21; species_key=hcfc21
75-45-6,0.055,1960.0,1810.0,Chlorodifluoromethane,IPCC Ch.7 metrics + Montreal Protocol (openclimatedata) + AR6 7.SM.7 (openclimatedata); EPA HTML,Montreal label_key=hcfc22; species_key=hcfc22
75-46-7,,14600.0,14800.0,Trifluoromethane,IPCC Ch.7 metrics + Montreal Protocol (openclimatedata) + AR6 7.SM.7 (openclimatedata),species_key=hfc23
75-61-6,,216.0,216.0,Dibromodifluoromethane,IPCC Ch.7 metrics + Montreal Protocol (openclimatedata) + AR6 7.SM.7 (openclimatedata),species_key=halon1202
75-63-8,10.0,7200.0,7200.0,Bromotrifluoromethane,IPCC Ch.7 metrics + Montreal Protocol (openclimatedata) + AR6 7.SM.7 (openclimatedata); EPA HTML,Montreal label_key=halon1301; species_key=halon1301
75-68-3,0.065,2300.0,2310.0,"1-chloro-1,1-difluoroethane",IPCC Ch.7 metrics + Montreal Protocol (openclimatedata) + AR6 7.SM.7 (openclimatedata); EPA HTML,Montreal label_key=hcfc142b; species_key=hcfc142b
75-69-4,1.0,6230.0,4750.0,Trichlorofluoromethane,IPCC Ch.7 metrics + Montreal Protocol (openclimatedata) + AR6 7.SM.7 (openclimatedata); EPA HTML,Montreal label_key=cfc11; species_key=cfc11
75-71-8,1.0,12500.0,10900.0,Dichlorodifluoromethane,IPCC Ch.7 metrics + Montreal Protocol (openclimatedata) + AR6 7.SM.7 (openclimatedata); EPA HTML,Montreal label_key=cfc12; species_key=cfc12
75-72-9,1.0,16200.0,16200.0,Chlorotrifluoromethane,IPCC Ch.7 metrics + Montreal Protocol (openclimatedata) + AR6 7.SM.7 (openclimatedata); EPA HTML,Montreal label_key=cfc13; species_key=cfc13
75-73-0,0.0,7380.0,7380.0,Tetrafluoromethane,IPCC Ch.7 metrics + Montreal Protocol (openclimatedata) + AR6 7.SM.7 (openclimatedata),species_key=cf4; ODP inferred 0 (low-ODP fluorinated species)
75-88-7,0.0,388.0,388.0,"2-chloro-1,1,1-trifluoroethane",IPCC Ch.7 metrics + Montreal Protocol (openclimatedata) + AR6 7.SM.7 (openclimatedata); EPA HTML,gwp100_ar6 from openclimate missing; gwp100_fallback used where applicable; ODP inferred 0 (low-ODP fluorinated species)
75-89-8,,,35.7,"2,2,2-trifluoroethanol",IPCC Ch.7 metrics + Montreal Protocol (openclimatedata) + AR6 7.SM.7 (openclimatedata),gwp100_ar6 from openclimate missing; gwp100_fallback used where applicable; GWP100 from fallback (Montreal/IPCC file/EPA AR5)
754-12-1,,,0.501,"2,3,3,3-tetrafluoroprop-1-ene",IPCC Ch.7 metrics + Montreal Protocol (openclimatedata) + AR6 7.SM.7 (openclimatedata),gwp100_ar6 from openclimate missing; gwp100_fallback used where applicable; GWP100 from fallback (Montreal/IPCC file/EPA AR5)
755-02-2,,,0.449,"3,3,4,4,5,5,6,6,7,7,8,8,9,9,9-pentadecafluorononan-1-ol",IPCC Ch.7 metrics + Montreal Protocol (openclimatedata) + AR6 7.SM.7 (openclimatedata),gwp100_ar6 from openclimate missing; gwp100_fallback used where applicable; GWP100 from fallback (Montreal/IPCC file/EPA AR5)
756-13-8,,,0.114,"1,1,1,2,2,4,5,5,5-nonafluoro-4-(trifluoromethyl)pentan-3-one",IPCC Ch.7 metrics + Montreal Protocol (openclimatedata) + AR6 7.SM.7 (openclimatedata),gwp100_ar6 from openclimate missing; gwp100_fallback used where applicable; GWP100 from fallback (Montreal/IPCC file/EPA AR5)
76-11-9,0.0,,3550.0,"1,1,1,2-tetrachloro-2,2-difluoroethane",IPCC Ch.7 metrics + Montreal Protocol (openclimatedata) + AR6 7.SM.7 (openclimatedata),gwp100_ar6 from openclimate missing; gwp100_fallback used where applicable; ODP inferred 0 (low-ODP fluorinated species); GWP100 from fallback (Montreal/IPCC file/EPA AR5)
76-12-0,1.0,4620.0,4620.0,"1,1,2,2-tetrachloro-1,2-difluoroethane",IPCC Ch.7 metrics + Montreal Protocol (openclimatedata) + AR6 7.SM.7 (openclimatedata); EPA HTML,Montreal label_key=cfc112; gwp100_ar6 from openclimate missing; gwp100_fallback used where applicable
76-13-1,0.8,6520.0,6130.0,"1,1,2-trichloro-1,2,2-trifluoroethane",IPCC Ch.7 metrics + Montreal Protocol (openclimatedata) + AR6 7.SM.7 (openclimatedata); EPA HTML,Montreal label_key=cfc113; species_key=cfc113
76-14-2,1.0,9430.0,10000.0,"1,2-dichloro-1,1,2,2-tetrafluoroethane",IPCC Ch.7 metrics + Montreal Protocol (openclimatedata) + AR6 7.SM.7 (openclimatedata); EPA HTML,Montreal label_key=cfc114; species_key=cfc114
76-15-3,0.6,9600.0,7370.0,"1-chloro-1,1,2,2,2-pentafluoroethane",IPCC Ch.7 metrics + Montreal Protocol (openclimatedata) + AR6 7.SM.7 (openclimatedata); EPA HTML,Montreal label_key=cfc115; species_key=cfc115
76-16-4,0.0,12400.0,12400.0,Hexafluoroethane,IPCC Ch.7 metrics + Montreal Protocol (openclimatedata) + AR6 7.SM.7 (openclimatedata),species_key=c2f6; ODP inferred 0 (low-ODP fluorinated species)
76-19-7,0.0,9290.0,9290.0,Octafluoropropane,IPCC Ch.7 metrics + Montreal Protocol (openclimatedata) + AR6 7.SM.7 (openclimatedata),species_key=c3f8; ODP inferred 0 (low-ODP fluorinated species)
76-37-9,,,14.4,"2,2,3,3-tetrafluoropropan-1-ol",IPCC Ch.7 metrics + Montreal Protocol (openclimatedata) + AR6 7.SM.7 (openclimatedata),gwp100_ar6 from openclimate missing; gwp100_fallback used where applicable; GWP100 from fallback (Montreal/IPCC file/EPA AR5)
773-14-8,,,13900.0,"2,2,3,3,4,4,5,5-octafluorooxolane",IPCC Ch.7 metrics + Montreal Protocol (openclimatedata) + AR6 7.SM.7 (openclimatedata),gwp100_ar6 from openclimate missing; gwp100_fallback used where applicable; GWP100 from fallback (Montreal/IPCC file/EPA AR5)
7783-54-2,0.0,17400.0,17400.0,Nitrogen trifluoride,IPCC Ch.7 metrics + Montreal Protocol (openclimatedata) + AR6 7.SM.7 (openclimatedata),species_key=nf3; ODP inferred 0 (low-ODP fluorinated species)
78-94-4,,,0.0,Methyl vinyl ketone,IPCC Ch.7 metrics + Montreal Protocol (openclimatedata) + AR6 7.SM.7 (openclimatedata),gwp100_ar6 from openclimate missing; gwp100_fallback used where applicable; GWP100 from fallback (Montreal/IPCC file/EPA AR5)
78522-47-1,,6060.0,6060.0,Bis(difluoromethoxy)-difluoromethane,IPCC Ch.7 metrics + Montreal Protocol (openclimatedata) + AR6 7.SM.7 (openclimatedata),species_key=hfe236ca12
79-01-6,,,0.044,"1,1,2-trichloroethene",IPCC Ch.7 metrics + Montreal Protocol (openclimatedata) + AR6 7.SM.7 (openclimatedata),gwp100_ar6 from openclimate missing; gwp100_fallback used where applicable; GWP100 from fallback (Montreal/IPCC file/EPA AR5)
79-35-6,,,0.021,"1,1-dichloro-2,2-difluoroethene",IPCC Ch.7 metrics + Montreal Protocol (openclimatedata) + AR6 7.SM.7 (openclimatedata),gwp100_ar6 from openclimate missing; gwp100_fallback used where applicable; GWP100 from fallback (Montreal/IPCC file/EPA AR5)
811-97-2,0.0,1530.0,1430.0,"1,1,1,2-tetrafluoroethane",IPCC Ch.7 metrics + Montreal Protocol (openclimatedata) + AR6 7.SM.7 (openclimatedata),species_key=hfc134a; ODP inferred 0 (low-ODP fluorinated species)
84011-06-3,,,1260.0,"1,1,2-trifluoro-2-(trifluoromethoxy)ethane",IPCC Ch.7 metrics + Montreal Protocol (openclimatedata) + AR6 7.SM.7 (openclimatedata),gwp100_ar6 from openclimate missing; gwp100_fallback used where applicable; GWP100 from fallback (Montreal/IPCC file/EPA AR5)
84011-15-4,,934.0,934.0,"1,1-difluoro-2-(trifluoromethoxy)ethane",IPCC Ch.7 metrics + Montreal Protocol (openclimatedata) + AR6 7.SM.7 (openclimatedata),species_key=hfe245fa1
856766-70-6,0.0,,269.0,"Formic acid;1,1,1,3,3,3-hexafluoropropan-2-ol",IPCC Ch.7 metrics + Montreal Protocol (openclimatedata) + AR6 7.SM.7 (openclimatedata),gwp100_ar6 from openclimate missing; gwp100_fallback used where applicable; ODP inferred 0 (low-ODP fluorinated species); GWP100 from fallback (Montreal/IPCC file/EPA AR5)
87017-97-8,,,0.273,"3,3,4,4,5,5,6,6,7,7,8,8,9,9,10,10,11,11,11-nonadecafluoroundecan-1-ol",IPCC Ch.7 metrics + Montreal Protocol (openclimatedata) + AR6 7.SM.7 (openclimatedata),gwp100_ar6 from openclimate missing; gwp100_fallback used where applicable; GWP100 from fallback (Montreal/IPCC file/EPA AR5)
920-66-1,0.0,,206.0,"1,1,1,3,3,3-hexafluoropropan-2-ol",IPCC Ch.7 metrics + Montreal Protocol (openclimatedata) + AR6 7.SM.7 (openclimatedata),gwp100_ar6 from openclimate missing; gwp100_fallback used where applicable; ODP inferred 0 (low-ODP fluorinated species); GWP100 from fallback (Montreal/IPCC file/EPA AR5)
920979-28-8,,,48.7,"2-ethoxy-3,3,4,4,5-pentafluorotetrahydro-2,5-bis[1,2,2,2-tetrafluoro-1-(trifluoromethyl)ethyl]-furan",IPCC Ch.7 metrics + Montreal Protocol (openclimatedata) + AR6 7.SM.7 (openclimatedata),gwp100_ar6 from openclimate missing; gwp100_fallback used where applicable; GWP100 from fallback (Montreal/IPCC file/EPA AR5)
928-94-9,,,0.003,(z)-hex-2-en-1-ol,IPCC Ch.7 metrics + Montreal Protocol (openclimatedata) + AR6 7.SM.7 (openclimatedata),gwp100_ar6 from openclimate missing; gwp100_fallback used where applicable; GWP100 from fallback (Montreal/IPCC file/EPA AR5)
928-95-0,,,0.002,(e)-hex-2-en-1-ol,IPCC Ch.7 metrics + Montreal Protocol (openclimatedata) + AR6 7.SM.7 (openclimatedata),gwp100_ar6 from openclimate missing; gwp100_fallback used where applicable; GWP100 from fallback (Montreal/IPCC file/EPA AR5)
99728-16-2,,,0.454,"1-chloro-3,3,3-trifluoroprop-1-ene",IPCC Ch.7 metrics + Montreal Protocol (openclimatedata) + AR6 7.SM.7 (openclimatedata),gwp100_ar6 from openclimate missing; gwp100_fallback used where applicable; GWP100 from fallback (Montreal/IPCC file/EPA AR5)
